timeStamp (N),DateTime (S),altitude (N),latitude (N),longitude (N),readings (M),vehicleId (S),,,,,,lat,lng,note
1.56E+12,7/29/2019 17:28,316.0941467,33.99791618,71.48786212,"{  ""AIR_FUEL_RATIO"" : { ""S"" : ""14.71:1 AFR"" },  ""AIR_INTAKE_TEMP"" : { ""S"" : ""54C"" },  ""AMBIENT_AIR_TEMP"" : { ""S"" : ""NODATA"" },  ""BAROMETRIC_PRESSURE"" : { ""S"" : ""89kPa"" },  ""CONTROL_MODULE_VOLTAGE"" : { ""S"" : ""13.0V"" },  ""DISTANCE_TRAVELED_MIL_ON"" : { ""S"" : ""0km"" },  ""DTC_NUMBER"" : { ""S"" : ""MIL is OFF0 codes"" },  ""ENGINE_COOLANT_TEMP"" : { ""S"" : ""85C"" },  ""ENGINE_LOAD"" : { ""S"" : ""50.6%"" },  ""ENGINE_OIL_TEMP"" : { ""S"" : ""NODATA"" },  ""ENGINE_RPM"" : { ""S"" : ""1082RPM"" },  ""ENGINE_RUNTIME"" : { ""S"" : ""00:27:47"" },  ""EQUIV_RATIO"" : { ""S"" : ""1.0%"" },  ""FUEL_CONSUMPTION_RATE"" : { ""S"" : ""NODATA"" },  ""FUEL_LEVEL"" : { ""S"" : ""NODATA"" },  ""FUEL_PRESSURE"" : { ""S"" : ""NODATA"" },  ""FUEL_RAIL_PRESSURE"" : { ""S"" : ""NODATA"" },  ""FUEL_TYPE"" : { ""S"" : ""NODATA"" },  ""INTAKE_MANIFOLD_PRESSURE"" : { ""S"" : ""NODATA"" },  ""Long Term Fuel Trim Bank 1"" : { ""S"" : ""0.8%"" },  ""Long Term Fuel Trim Bank 2"" : { ""S"" : ""NODATA"" },  ""MAF"" : { ""S"" : ""3.56g/s"" },  ""Short Term Fuel Trim Bank 1"" : { ""S"" : ""-4.7%"" },  ""Short Term Fuel Trim Bank 2"" : { ""S"" : ""NODATA"" },  ""SPEED"" : { ""S"" : ""31km/h"" },  ""THROTTLE_POS"" : { ""S"" : ""21.2%"" },  ""TIMING_ADVANCE"" : { ""S"" : ""54.5%"" },  ""VIN"" : { ""S"" : ""@ Ă¿Ă¿Ă¿Ă¿Ă¿Ă¿Ă¿Ă¿Ă¿Ă¿Ă¿Ă¿Ă¿Ă¿Ă¿Ă¿"" },  ""WIDEBAND_AIR_FUEL_RATIO"" : { ""S"" : ""NODATA"" }}",Adil ,,,,,,33.99791618,71.48786212,7/29/2019 17:28
1.56E+12,7/29/2019 17:27,322.5595093,33.9979063,71.48645438,"{  ""AIR_FUEL_RATIO"" : { ""S"" : ""14.71:1 AFR"" },  ""AIR_INTAKE_TEMP"" : { ""S"" : ""52C"" },  ""AMBIENT_AIR_TEMP"" : { ""S"" : ""NODATA"" },  ""BAROMETRIC_PRESSURE"" : { ""S"" : ""89kPa"" },  ""CONTROL_MODULE_VOLTAGE"" : { ""S"" : ""13.0V"" },  ""DISTANCE_TRAVELED_MIL_ON"" : { ""S"" : ""0km"" },  ""DTC_NUMBER"" : { ""S"" : ""MIL is OFF0 codes"" },  ""ENGINE_COOLANT_TEMP"" : { ""S"" : ""84C"" },  ""ENGINE_LOAD"" : { ""S"" : ""70.6%"" },  ""ENGINE_OIL_TEMP"" : { ""S"" : ""NODATA"" },  ""ENGINE_RPM"" : { ""S"" : ""1686RPM"" },  ""ENGINE_RUNTIME"" : { ""S"" : ""00:27:08"" },  ""EQUIV_RATIO"" : { ""S"" : ""1.0%"" },  ""FUEL_CONSUMPTION_RATE"" : { ""S"" : ""NODATA"" },  ""FUEL_LEVEL"" : { ""S"" : ""NODATA"" },  ""FUEL_PRESSURE"" : { ""S"" : ""NODATA"" },  ""FUEL_RAIL_PRESSURE"" : { ""S"" : ""NODATA"" },  ""FUEL_TYPE"" : { ""S"" : ""NODATA"" },  ""INTAKE_MANIFOLD_PRESSURE"" : { ""S"" : ""NODATA"" },  ""Long Term Fuel Trim Bank 1"" : { ""S"" : ""-3.1%"" },  ""Long Term Fuel Trim Bank 2"" : { ""S"" : ""NODATA"" },  ""MAF"" : { ""S"" : ""3.43g/s"" },  ""Short Term Fuel Trim Bank 1"" : { ""S"" : ""-0.8%"" },  ""Short Term Fuel Trim Bank 2"" : { ""S"" : ""NODATA"" },  ""SPEED"" : { ""S"" : ""10km/h"" },  ""THROTTLE_POS"" : { ""S"" : ""18.8%"" },  ""TIMING_ADVANCE"" : { ""S"" : ""65.5%"" },  ""VIN"" : { ""S"" : ""@ Ă¿Ă¿Ă¿Ă¿Ă¿Ă¿Ă¿Ă¿Ă¿Ă¿Ă¿Ă¿Ă¿Ă¿Ă¿Ă¿"" },  ""WIDEBAND_AIR_FUEL_RATIO"" : { ""S"" : ""NODATA"" }}",Adil ,,,,,,33.9979063,71.48645438,7/29/2019 17:27
1.56E+12,7/29/2019 17:27,321.6407471,33.99787886,71.48621666,"{  ""AIR_FUEL_RATIO"" : { ""S"" : ""14.71:1 AFR"" },  ""AIR_INTAKE_TEMP"" : { ""S"" : ""52C"" },  ""AMBIENT_AIR_TEMP"" : { ""S"" : ""NODATA"" },  ""BAROMETRIC_PRESSURE"" : { ""S"" : ""89kPa"" },  ""CONTROL_MODULE_VOLTAGE"" : { ""S"" : ""13.0V"" },  ""DISTANCE_TRAVELED_MIL_ON"" : { ""S"" : ""0km"" },  ""DTC_NUMBER"" : { ""S"" : ""MIL is OFF0 codes"" },  ""ENGINE_COOLANT_TEMP"" : { ""S"" : ""85C"" },  ""ENGINE_LOAD"" : { ""S"" : ""54.9%"" },  ""ENGINE_OIL_TEMP"" : { ""S"" : ""NODATA"" },  ""ENGINE_RPM"" : { ""S"" : ""988RPM"" },  ""ENGINE_RUNTIME"" : { ""S"" : ""00:27:00"" },  ""EQUIV_RATIO"" : { ""S"" : ""1.0%"" },  ""FUEL_CONSUMPTION_RATE"" : { ""S"" : ""NODATA"" },  ""FUEL_LEVEL"" : { ""S"" : ""NODATA"" },  ""FUEL_PRESSURE"" : { ""S"" : ""NODATA"" },  ""FUEL_RAIL_PRESSURE"" : { ""S"" : ""NODATA"" },  ""FUEL_TYPE"" : { ""S"" : ""NODATA"" },  ""INTAKE_MANIFOLD_PRESSURE"" : { ""S"" : ""NODATA"" },  ""Long Term Fuel Trim Bank 1"" : { ""S"" : ""-3.1%"" },  ""Long Term Fuel Trim Bank 2"" : { ""S"" : ""NODATA"" },  ""MAF"" : { ""S"" : ""3.50g/s"" },  ""Short Term Fuel Trim Bank 1"" : { ""S"" : ""1.6%"" },  ""Short Term Fuel Trim Bank 2"" : { ""S"" : ""NODATA"" },  ""SPEED"" : { ""S"" : ""10km/h"" },  ""THROTTLE_POS"" : { ""S"" : ""18.8%"" },  ""TIMING_ADVANCE"" : { ""S"" : ""52.9%"" },  ""VIN"" : { ""S"" : ""@ Ă¿Ă¿Ă¿Ă¿Ă¿Ă¿Ă¿Ă¿Ă¿Ă¿Ă¿Ă¿Ă¿Ă¿Ă¿Ă¿"" },  ""WIDEBAND_AIR_FUEL_RATIO"" : { ""S"" : ""NODATA"" }}",Adil ,,,,,,33.99787886,71.48621666,7/29/2019 17:27
1.56E+12,7/29/2019 17:26,330.885498,33.99837175,71.47647841,"{  ""AIR_FUEL_RATIO"" : { ""S"" : ""14.71:1 AFR"" },  ""AIR_INTAKE_TEMP"" : { ""S"" : ""50C"" },  ""AMBIENT_AIR_TEMP"" : { ""S"" : ""NODATA"" },  ""BAROMETRIC_PRESSURE"" : { ""S"" : ""89kPa"" },  ""CONTROL_MODULE_VOLTAGE"" : { ""S"" : ""13.0V"" },  ""DISTANCE_TRAVELED_MIL_ON"" : { ""S"" : ""0km"" },  ""DTC_NUMBER"" : { ""S"" : ""MIL is OFF0 codes"" },  ""ENGINE_COOLANT_TEMP"" : { ""S"" : ""86C"" },  ""ENGINE_LOAD"" : { ""S"" : ""81.2%"" },  ""ENGINE_OIL_TEMP"" : { ""S"" : ""NODATA"" },  ""ENGINE_RPM"" : { ""S"" : ""1864RPM"" },  ""ENGINE_RUNTIME"" : { ""S"" : ""00:25:39"" },  ""EQUIV_RATIO"" : { ""S"" : ""1.0%"" },  ""FUEL_CONSUMPTION_RATE"" : { ""S"" : ""NODATA"" },  ""FUEL_LEVEL"" : { ""S"" : ""NODATA"" },  ""FUEL_PRESSURE"" : { ""S"" : ""NODATA"" },  ""FUEL_RAIL_PRESSURE"" : { ""S"" : ""NODATA"" },  ""FUEL_TYPE"" : { ""S"" : ""NODATA"" },  ""INTAKE_MANIFOLD_PRESSURE"" : { ""S"" : ""NODATA"" },  ""Long Term Fuel Trim Bank 1"" : { ""S"" : ""1.6%"" },  ""Long Term Fuel Trim Bank 2"" : { ""S"" : ""NODATA"" },  ""MAF"" : { ""S"" : ""12.23g/s"" },  ""Short Term Fuel Trim Bank 1"" : { ""S"" : ""-2.3%"" },  ""Short Term Fuel Trim Bank 2"" : { ""S"" : ""NODATA"" },  ""SPEED"" : { ""S"" : ""56km/h"" },  ""THROTTLE_POS"" : { ""S"" : ""28.6%"" },  ""TIMING_ADVANCE"" : { ""S"" : ""64.3%"" },  ""VIN"" : { ""S"" : ""@ Ă¿Ă¿Ă¿Ă¿Ă¿Ă¿Ă¿Ă¿Ă¿Ă¿Ă¿Ă¿Ă¿Ă¿Ă¿Ă¿"" },  ""WIDEBAND_AIR_FUEL_RATIO"" : { ""S"" : ""NODATA"" }}",Adil ,,,,,,33.99837175,71.47647841,7/29/2019 17:26
1.56E+12,7/29/2019 17:25,326.0822754,33.99810495,71.47045049,"{  ""AIR_FUEL_RATIO"" : { ""S"" : ""14.71:1 AFR"" },  ""AIR_INTAKE_TEMP"" : { ""S"" : ""53C"" },  ""AMBIENT_AIR_TEMP"" : { ""S"" : ""NODATA"" },  ""BAROMETRIC_PRESSURE"" : { ""S"" : ""89kPa"" },  ""CONTROL_MODULE_VOLTAGE"" : { ""S"" : ""13.0V"" },  ""DISTANCE_TRAVELED_MIL_ON"" : { ""S"" : ""0km"" },  ""DTC_NUMBER"" : { ""S"" : ""MIL is OFF0 codes"" },  ""ENGINE_COOLANT_TEMP"" : { ""S"" : ""85C"" },  ""ENGINE_LOAD"" : { ""S"" : ""54.5%"" },  ""ENGINE_OIL_TEMP"" : { ""S"" : ""NODATA"" },  ""ENGINE_RPM"" : { ""S"" : ""957RPM"" },  ""ENGINE_RUNTIME"" : { ""S"" : ""00:24:55"" },  ""EQUIV_RATIO"" : { ""S"" : ""1.0%"" },  ""FUEL_CONSUMPTION_RATE"" : { ""S"" : ""NODATA"" },  ""FUEL_LEVEL"" : { ""S"" : ""NODATA"" },  ""FUEL_PRESSURE"" : { ""S"" : ""NODATA"" },  ""FUEL_RAIL_PRESSURE"" : { ""S"" : ""NODATA"" },  ""FUEL_TYPE"" : { ""S"" : ""NODATA"" },  ""INTAKE_MANIFOLD_PRESSURE"" : { ""S"" : ""NODATA"" },  ""Long Term Fuel Trim Bank 1"" : { ""S"" : ""-3.9%"" },  ""Long Term Fuel Trim Bank 2"" : { ""S"" : ""NODATA"" },  ""MAF"" : { ""S"" : ""3.40g/s"" },  ""Short Term Fuel Trim Bank 1"" : { ""S"" : ""2.3%"" },  ""Short Term Fuel Trim Bank 2"" : { ""S"" : ""NODATA"" },  ""SPEED"" : { ""S"" : ""16km/h"" },  ""THROTTLE_POS"" : { ""S"" : ""18.8%"" },  ""TIMING_ADVANCE"" : { ""S"" : ""55.3%"" },  ""VIN"" : { ""S"" : ""@ Ă¿Ă¿Ă¿Ă¿Ă¿Ă¿Ă¿Ă¿Ă¿Ă¿Ă¿Ă¿Ă¿Ă¿Ă¿Ă¿"" },  ""WIDEBAND_AIR_FUEL_RATIO"" : { ""S"" : ""NODATA"" }}",Adil ,,,,,,33.99810495,71.47045049,7/29/2019 17:25
1.56E+12,7/29/2019 17:24,328.6804199,33.99739335,71.4656321,"{  ""AIR_FUEL_RATIO"" : { ""S"" : ""14.71:1 AFR"" },  ""AIR_INTAKE_TEMP"" : { ""S"" : ""53C"" },  ""AMBIENT_AIR_TEMP"" : { ""S"" : ""NODATA"" },  ""BAROMETRIC_PRESSURE"" : { ""S"" : ""89kPa"" },  ""CONTROL_MODULE_VOLTAGE"" : { ""S"" : ""13.0V"" },  ""DISTANCE_TRAVELED_MIL_ON"" : { ""S"" : ""0km"" },  ""DTC_NUMBER"" : { ""S"" : ""MIL is OFF0 codes"" },  ""ENGINE_COOLANT_TEMP"" : { ""S"" : ""83C"" },  ""ENGINE_LOAD"" : { ""S"" : ""71.8%"" },  ""ENGINE_OIL_TEMP"" : { ""S"" : ""NODATA"" },  ""ENGINE_RPM"" : { ""S"" : ""1726RPM"" },  ""ENGINE_RUNTIME"" : { ""S"" : ""00:24:03"" },  ""EQUIV_RATIO"" : { ""S"" : ""1.0%"" },  ""FUEL_CONSUMPTION_RATE"" : { ""S"" : ""NODATA"" },  ""FUEL_LEVEL"" : { ""S"" : ""NODATA"" },  ""FUEL_PRESSURE"" : { ""S"" : ""NODATA"" },  ""FUEL_RAIL_PRESSURE"" : { ""S"" : ""NODATA"" },  ""FUEL_TYPE"" : { ""S"" : ""NODATA"" },  ""INTAKE_MANIFOLD_PRESSURE"" : { ""S"" : ""NODATA"" },  ""Long Term Fuel Trim Bank 1"" : { ""S"" : ""1.6%"" },  ""Long Term Fuel Trim Bank 2"" : { ""S"" : ""NODATA"" },  ""MAF"" : { ""S"" : ""11.50g/s"" },  ""Short Term Fuel Trim Bank 1"" : { ""S"" : ""-7.0%"" },  ""Short Term Fuel Trim Bank 2"" : { ""S"" : ""NODATA"" },  ""SPEED"" : { ""S"" : ""28km/h"" },  ""THROTTLE_POS"" : { ""S"" : ""27.1%"" },  ""TIMING_ADVANCE"" : { ""S"" : ""66.3%"" },  ""VIN"" : { ""S"" : ""@ Ă¿Ă¿Ă¿Ă¿Ă¿Ă¿Ă¿Ă¿Ă¿Ă¿Ă¿Ă¿Ă¿Ă¿Ă¿Ă¿"" },  ""WIDEBAND_AIR_FUEL_RATIO"" : { ""S"" : ""NODATA"" }}",Adil ,,,,,,33.99739335,71.4656321,7/29/2019 17:24
1.56E+12,7/29/2019 17:24,332.6945801,33.99722584,71.46510252,"{  ""AIR_FUEL_RATIO"" : { ""S"" : ""14.71:1 AFR"" },  ""AIR_INTAKE_TEMP"" : { ""S"" : ""53C"" },  ""AMBIENT_AIR_TEMP"" : { ""S"" : ""NODATA"" },  ""BAROMETRIC_PRESSURE"" : { ""S"" : ""89kPa"" },  ""CONTROL_MODULE_VOLTAGE"" : { ""S"" : ""13.0V"" },  ""DISTANCE_TRAVELED_MIL_ON"" : { ""S"" : ""0km"" },  ""DTC_NUMBER"" : { ""S"" : ""MIL is OFF0 codes"" },  ""ENGINE_COOLANT_TEMP"" : { ""S"" : ""85C"" },  ""ENGINE_LOAD"" : { ""S"" : ""64.7%"" },  ""ENGINE_OIL_TEMP"" : { ""S"" : ""NODATA"" },  ""ENGINE_RPM"" : { ""S"" : ""766RPM"" },  ""ENGINE_RUNTIME"" : { ""S"" : ""00:23:56"" },  ""EQUIV_RATIO"" : { ""S"" : ""1.0%"" },  ""FUEL_CONSUMPTION_RATE"" : { ""S"" : ""NODATA"" },  ""FUEL_LEVEL"" : { ""S"" : ""NODATA"" },  ""FUEL_PRESSURE"" : { ""S"" : ""NODATA"" },  ""FUEL_RAIL_PRESSURE"" : { ""S"" : ""NODATA"" },  ""FUEL_TYPE"" : { ""S"" : ""NODATA"" },  ""INTAKE_MANIFOLD_PRESSURE"" : { ""S"" : ""NODATA"" },  ""Long Term Fuel Trim Bank 1"" : { ""S"" : ""-3.1%"" },  ""Long Term Fuel Trim Bank 2"" : { ""S"" : ""NODATA"" },  ""MAF"" : { ""S"" : ""3.37g/s"" },  ""Short Term Fuel Trim Bank 1"" : { ""S"" : ""0.0%"" },  ""Short Term Fuel Trim Bank 2"" : { ""S"" : ""NODATA"" },  ""SPEED"" : { ""S"" : ""10km/h"" },  ""THROTTLE_POS"" : { ""S"" : ""18.8%"" },  ""TIMING_ADVANCE"" : { ""S"" : ""51.8%"" },  ""VIN"" : { ""S"" : ""@ Ă¿Ă¿Ă¿Ă¿Ă¿Ă¿Ă¿Ă¿Ă¿Ă¿Ă¿Ă¿Ă¿Ă¿Ă¿Ă¿"" },  ""WIDEBAND_AIR_FUEL_RATIO"" : { ""S"" : ""NODATA"" }}",Adil ,,,,,,33.99722584,71.46510252,7/29/2019 17:24
1.56E+12,7/29/2019 17:24,329.7770691,33.99707947,71.46426596,"{  ""AIR_FUEL_RATIO"" : { ""S"" : ""14.71:1 AFR"" },  ""AIR_INTAKE_TEMP"" : { ""S"" : ""53C"" },  ""AMBIENT_AIR_TEMP"" : { ""S"" : ""NODATA"" },  ""BAROMETRIC_PRESSURE"" : { ""S"" : ""89kPa"" },  ""CONTROL_MODULE_VOLTAGE"" : { ""S"" : ""13.0V"" },  ""DISTANCE_TRAVELED_MIL_ON"" : { ""S"" : ""0km"" },  ""DTC_NUMBER"" : { ""S"" : ""MIL is OFF0 codes"" },  ""ENGINE_COOLANT_TEMP"" : { ""S"" : ""85C"" },  ""ENGINE_LOAD"" : { ""S"" : ""56.1%"" },  ""ENGINE_OIL_TEMP"" : { ""S"" : ""NODATA"" },  ""ENGINE_RPM"" : { ""S"" : ""891RPM"" },  ""ENGINE_RUNTIME"" : { ""S"" : ""00:23:41"" },  ""EQUIV_RATIO"" : { ""S"" : ""1.0%"" },  ""FUEL_CONSUMPTION_RATE"" : { ""S"" : ""NODATA"" },  ""FUEL_LEVEL"" : { ""S"" : ""NODATA"" },  ""FUEL_PRESSURE"" : { ""S"" : ""NODATA"" },  ""FUEL_RAIL_PRESSURE"" : { ""S"" : ""NODATA"" },  ""FUEL_TYPE"" : { ""S"" : ""NODATA"" },  ""INTAKE_MANIFOLD_PRESSURE"" : { ""S"" : ""NODATA"" },  ""Long Term Fuel Trim Bank 1"" : { ""S"" : ""-3.1%"" },  ""Long Term Fuel Trim Bank 2"" : { ""S"" : ""NODATA"" },  ""MAF"" : { ""S"" : ""3.53g/s"" },  ""Short Term Fuel Trim Bank 1"" : { ""S"" : ""0.8%"" },  ""Short Term Fuel Trim Bank 2"" : { ""S"" : ""NODATA"" },  ""SPEED"" : { ""S"" : ""6km/h"" },  ""THROTTLE_POS"" : { ""S"" : ""18.8%"" },  ""TIMING_ADVANCE"" : { ""S"" : ""58.8%"" },  ""VIN"" : { ""S"" : ""@ Ă¿Ă¿Ă¿Ă¿Ă¿Ă¿Ă¿Ă¿Ă¿Ă¿Ă¿Ă¿Ă¿Ă¿Ă¿Ă¿"" },  ""WIDEBAND_AIR_FUEL_RATIO"" : { ""S"" : ""NODATA"" }}",Adil ,,,,,,33.99707947,71.46426596,7/29/2019 17:24
1.56E+12,7/29/2019 17:23,329.7770691,33.99707947,71.46426596,"{  ""AIR_FUEL_RATIO"" : { ""S"" : ""14.71:1 AFR"" },  ""AIR_INTAKE_TEMP"" : { ""S"" : ""51C"" },  ""AMBIENT_AIR_TEMP"" : { ""S"" : ""NODATA"" },  ""BAROMETRIC_PRESSURE"" : { ""S"" : ""89kPa"" },  ""CONTROL_MODULE_VOLTAGE"" : { ""S"" : ""13.0V"" },  ""DISTANCE_TRAVELED_MIL_ON"" : { ""S"" : ""0km"" },  ""DTC_NUMBER"" : { ""S"" : ""MIL is OFF0 codes"" },  ""ENGINE_COOLANT_TEMP"" : { ""S"" : ""84C"" },  ""ENGINE_LOAD"" : { ""S"" : ""64.3%"" },  ""ENGINE_OIL_TEMP"" : { ""S"" : ""NODATA"" },  ""ENGINE_RPM"" : { ""S"" : ""1282RPM"" },  ""ENGINE_RUNTIME"" : { ""S"" : ""00:23:29"" },  ""EQUIV_RATIO"" : { ""S"" : ""1.0%"" },  ""FUEL_CONSUMPTION_RATE"" : { ""S"" : ""NODATA"" },  ""FUEL_LEVEL"" : { ""S"" : ""NODATA"" },  ""FUEL_PRESSURE"" : { ""S"" : ""NODATA"" },  ""FUEL_RAIL_PRESSURE"" : { ""S"" : ""NODATA"" },  ""FUEL_TYPE"" : { ""S"" : ""NODATA"" },  ""INTAKE_MANIFOLD_PRESSURE"" : { ""S"" : ""NODATA"" },  ""Long Term Fuel Trim Bank 1"" : { ""S"" : ""-0.8%"" },  ""Long Term Fuel Trim Bank 2"" : { ""S"" : ""NODATA"" },  ""MAF"" : { ""S"" : ""6.84g/s"" },  ""Short Term Fuel Trim Bank 1"" : { ""S"" : ""-5.5%"" },  ""Short Term Fuel Trim Bank 2"" : { ""S"" : ""NODATA"" },  ""SPEED"" : { ""S"" : ""16km/h"" },  ""THROTTLE_POS"" : { ""S"" : ""22.4%"" },  ""TIMING_ADVANCE"" : { ""S"" : ""66.3%"" },  ""VIN"" : { ""S"" : ""@ Ă¿Ă¿Ă¿Ă¿Ă¿Ă¿Ă¿Ă¿Ă¿Ă¿Ă¿Ă¿Ă¿Ă¿Ă¿Ă¿"" },  ""WIDEBAND_AIR_FUEL_RATIO"" : { ""S"" : ""NODATA"" }}",Adil ,,,,,,33.99707947,71.46426596,7/29/2019 17:23
1.56E+12,7/29/2019 17:23,333.8322754,33.99702034,71.46407997,"{  ""AIR_FUEL_RATIO"" : { ""S"" : ""14.71:1 AFR"" },  ""AIR_INTAKE_TEMP"" : { ""S"" : ""50C"" },  ""AMBIENT_AIR_TEMP"" : { ""S"" : ""NODATA"" },  ""BAROMETRIC_PRESSURE"" : { ""S"" : ""89kPa"" },  ""CONTROL_MODULE_VOLTAGE"" : { ""S"" : ""13.0V"" },  ""DISTANCE_TRAVELED_MIL_ON"" : { ""S"" : ""0km"" },  ""DTC_NUMBER"" : { ""S"" : ""MIL is OFF0 codes"" },  ""ENGINE_COOLANT_TEMP"" : { ""S"" : ""86C"" },  ""ENGINE_LOAD"" : { ""S"" : ""62.4%"" },  ""ENGINE_OIL_TEMP"" : { ""S"" : ""NODATA"" },  ""ENGINE_RPM"" : { ""S"" : ""777RPM"" },  ""ENGINE_RUNTIME"" : { ""S"" : ""00:23:07"" },  ""EQUIV_RATIO"" : { ""S"" : ""1.0%"" },  ""FUEL_CONSUMPTION_RATE"" : { ""S"" : ""NODATA"" },  ""FUEL_LEVEL"" : { ""S"" : ""NODATA"" },  ""FUEL_PRESSURE"" : { ""S"" : ""NODATA"" },  ""FUEL_RAIL_PRESSURE"" : { ""S"" : ""NODATA"" },  ""FUEL_TYPE"" : { ""S"" : ""NODATA"" },  ""INTAKE_MANIFOLD_PRESSURE"" : { ""S"" : ""NODATA"" },  ""Long Term Fuel Trim Bank 1"" : { ""S"" : ""-3.1%"" },  ""Long Term Fuel Trim Bank 2"" : { ""S"" : ""NODATA"" },  ""MAF"" : { ""S"" : ""3.32g/s"" },  ""Short Term Fuel Trim Bank 1"" : { ""S"" : ""-2.3%"" },  ""Short Term Fuel Trim Bank 2"" : { ""S"" : ""NODATA"" },  ""SPEED"" : { ""S"" : ""5km/h"" },  ""THROTTLE_POS"" : { ""S"" : ""18.8%"" },  ""TIMING_ADVANCE"" : { ""S"" : ""56.5%"" },  ""VIN"" : { ""S"" : ""@ Ă¿Ă¿Ă¿Ă¿Ă¿Ă¿Ă¿Ă¿Ă¿Ă¿Ă¿Ă¿Ă¿Ă¿Ă¿Ă¿"" },  ""WIDEBAND_AIR_FUEL_RATIO"" : { ""S"" : ""NODATA"" }}",Adil ,,,,,,33.99702034,71.46407997,7/29/2019 17:23
1.56E+12,7/29/2019 17:23,332.6734619,33.99698953,71.46362598,"{  ""AIR_FUEL_RATIO"" : { ""S"" : ""14.71:1 AFR"" },  ""AIR_INTAKE_TEMP"" : { ""S"" : ""50C"" },  ""AMBIENT_AIR_TEMP"" : { ""S"" : ""NODATA"" },  ""BAROMETRIC_PRESSURE"" : { ""S"" : ""89kPa"" },  ""CONTROL_MODULE_VOLTAGE"" : { ""S"" : ""13.0V"" },  ""DISTANCE_TRAVELED_MIL_ON"" : { ""S"" : ""0km"" },  ""DTC_NUMBER"" : { ""S"" : ""MIL is OFF0 codes"" },  ""ENGINE_COOLANT_TEMP"" : { ""S"" : ""85C"" },  ""ENGINE_LOAD"" : { ""S"" : ""55.3%"" },  ""ENGINE_OIL_TEMP"" : { ""S"" : ""NODATA"" },  ""ENGINE_RPM"" : { ""S"" : ""927RPM"" },  ""ENGINE_RUNTIME"" : { ""S"" : ""00:22:45"" },  ""EQUIV_RATIO"" : { ""S"" : ""1.0%"" },  ""FUEL_CONSUMPTION_RATE"" : { ""S"" : ""NODATA"" },  ""FUEL_LEVEL"" : { ""S"" : ""NODATA"" },  ""FUEL_PRESSURE"" : { ""S"" : ""NODATA"" },  ""FUEL_RAIL_PRESSURE"" : { ""S"" : ""NODATA"" },  ""FUEL_TYPE"" : { ""S"" : ""NODATA"" },  ""INTAKE_MANIFOLD_PRESSURE"" : { ""S"" : ""NODATA"" },  ""Long Term Fuel Trim Bank 1"" : { ""S"" : ""-3.1%"" },  ""Long Term Fuel Trim Bank 2"" : { ""S"" : ""NODATA"" },  ""MAF"" : { ""S"" : ""3.57g/s"" },  ""Short Term Fuel Trim Bank 1"" : { ""S"" : ""0.8%"" },  ""Short Term Fuel Trim Bank 2"" : { ""S"" : ""NODATA"" },  ""SPEED"" : { ""S"" : ""4km/h"" },  ""THROTTLE_POS"" : { ""S"" : ""18.8%"" },  ""TIMING_ADVANCE"" : { ""S"" : ""52.2%"" },  ""VIN"" : { ""S"" : ""@ Ă¿Ă¿Ă¿Ă¿Ă¿Ă¿Ă¿Ă¿Ă¿Ă¿Ă¿Ă¿Ă¿Ă¿Ă¿Ă¿"" },  ""WIDEBAND_AIR_FUEL_RATIO"" : { ""S"" : ""NODATA"" }}",Adil ,,,,,,33.99698953,71.46362598,7/29/2019 17:23
1.56E+12,7/29/2019 17:22,333.3060303,33.99680581,71.46275282,"{  ""AIR_FUEL_RATIO"" : { ""S"" : ""14.71:1 AFR"" },  ""AIR_INTAKE_TEMP"" : { ""S"" : ""48C"" },  ""AMBIENT_AIR_TEMP"" : { ""S"" : ""NODATA"" },  ""BAROMETRIC_PRESSURE"" : { ""S"" : ""89kPa"" },  ""CONTROL_MODULE_VOLTAGE"" : { ""S"" : ""13.0V"" },  ""DISTANCE_TRAVELED_MIL_ON"" : { ""S"" : ""0km"" },  ""DTC_NUMBER"" : { ""S"" : ""MIL is OFF0 codes"" },  ""ENGINE_COOLANT_TEMP"" : { ""S"" : ""85C"" },  ""ENGINE_LOAD"" : { ""S"" : ""42.0%"" },  ""ENGINE_OIL_TEMP"" : { ""S"" : ""NODATA"" },  ""ENGINE_RPM"" : { ""S"" : ""1430RPM"" },  ""ENGINE_RUNTIME"" : { ""S"" : ""00:22:30"" },  ""EQUIV_RATIO"" : { ""S"" : ""1.0%"" },  ""FUEL_CONSUMPTION_RATE"" : { ""S"" : ""NODATA"" },  ""FUEL_LEVEL"" : { ""S"" : ""NODATA"" },  ""FUEL_PRESSURE"" : { ""S"" : ""NODATA"" },  ""FUEL_RAIL_PRESSURE"" : { ""S"" : ""NODATA"" },  ""FUEL_TYPE"" : { ""S"" : ""NODATA"" },  ""INTAKE_MANIFOLD_PRESSURE"" : { ""S"" : ""NODATA"" },  ""Long Term Fuel Trim Bank 1"" : { ""S"" : ""-3.9%"" },  ""Long Term Fuel Trim Bank 2"" : { ""S"" : ""NODATA"" },  ""MAF"" : { ""S"" : ""3.64g/s"" },  ""Short Term Fuel Trim Bank 1"" : { ""S"" : ""3.1%"" },  ""Short Term Fuel Trim Bank 2"" : { ""S"" : ""NODATA"" },  ""SPEED"" : { ""S"" : ""44km/h"" },  ""THROTTLE_POS"" : { ""S"" : ""19.2%"" },  ""TIMING_ADVANCE"" : { ""S"" : ""56.9%"" },  ""VIN"" : { ""S"" : ""@ Ă¿Ă¿Ă¿Ă¿Ă¿Ă¿Ă¿Ă¿Ă¿Ă¿Ă¿Ă¿Ă¿Ă¿Ă¿Ă¿"" },  ""WIDEBAND_AIR_FUEL_RATIO"" : { ""S"" : ""NODATA"" }}",Adil ,,,,,,33.99680581,71.46275282,7/29/2019 17:22
1.56E+12,7/29/2019 17:22,340.6225586,33.99642755,71.45919559,"{  ""AIR_FUEL_RATIO"" : { ""S"" : ""14.71:1 AFR"" },  ""AIR_INTAKE_TEMP"" : { ""S"" : ""48C"" },  ""AMBIENT_AIR_TEMP"" : { ""S"" : ""NODATA"" },  ""BAROMETRIC_PRESSURE"" : { ""S"" : ""89kPa"" },  ""CONTROL_MODULE_VOLTAGE"" : { ""S"" : ""13.0V"" },  ""DISTANCE_TRAVELED_MIL_ON"" : { ""S"" : ""0km"" },  ""DTC_NUMBER"" : { ""S"" : ""MIL is OFF0 codes"" },  ""ENGINE_COOLANT_TEMP"" : { ""S"" : ""86C"" },  ""ENGINE_LOAD"" : { ""S"" : ""45.9%"" },  ""ENGINE_OIL_TEMP"" : { ""S"" : ""NODATA"" },  ""ENGINE_RPM"" : { ""S"" : ""1369RPM"" },  ""ENGINE_RUNTIME"" : { ""S"" : ""00:22:08"" },  ""EQUIV_RATIO"" : { ""S"" : ""1.0%"" },  ""FUEL_CONSUMPTION_RATE"" : { ""S"" : ""NODATA"" },  ""FUEL_LEVEL"" : { ""S"" : ""NODATA"" },  ""FUEL_PRESSURE"" : { ""S"" : ""NODATA"" },  ""FUEL_RAIL_PRESSURE"" : { ""S"" : ""NODATA"" },  ""FUEL_TYPE"" : { ""S"" : ""NODATA"" },  ""INTAKE_MANIFOLD_PRESSURE"" : { ""S"" : ""NODATA"" },  ""Long Term Fuel Trim Bank 1"" : { ""S"" : ""-3.1%"" },  ""Long Term Fuel Trim Bank 2"" : { ""S"" : ""NODATA"" },  ""MAF"" : { ""S"" : ""3.64g/s"" },  ""Short Term Fuel Trim Bank 1"" : { ""S"" : ""1.6%"" },  ""Short Term Fuel Trim Bank 2"" : { ""S"" : ""NODATA"" },  ""SPEED"" : { ""S"" : ""52km/h"" },  ""THROTTLE_POS"" : { ""S"" : ""19.2%"" },  ""TIMING_ADVANCE"" : { ""S"" : ""64.3%"" },  ""VIN"" : { ""S"" : ""@ Ă¿Ă¿Ă¿Ă¿Ă¿Ă¿Ă¿Ă¿Ă¿Ă¿Ă¿Ă¿Ă¿Ă¿Ă¿Ă¿"" },  ""WIDEBAND_AIR_FUEL_RATIO"" : { ""S"" : ""NODATA"" }}",Adil ,,,,,,33.99642755,71.45919559,7/29/2019 17:22
1.56E+12,7/29/2019 17:22,344.9075317,33.99556217,71.45845735,"{  ""AIR_FUEL_RATIO"" : { ""S"" : ""14.71:1 AFR"" },  ""AIR_INTAKE_TEMP"" : { ""S"" : ""46C"" },  ""AMBIENT_AIR_TEMP"" : { ""S"" : ""NODATA"" },  ""BAROMETRIC_PRESSURE"" : { ""S"" : ""89kPa"" },  ""CONTROL_MODULE_VOLTAGE"" : { ""S"" : ""13.0V"" },  ""DISTANCE_TRAVELED_MIL_ON"" : { ""S"" : ""0km"" },  ""DTC_NUMBER"" : { ""S"" : ""MIL is OFF0 codes"" },  ""ENGINE_COOLANT_TEMP"" : { ""S"" : ""86C"" },  ""ENGINE_LOAD"" : { ""S"" : ""89.8%"" },  ""ENGINE_OIL_TEMP"" : { ""S"" : ""NODATA"" },  ""ENGINE_RPM"" : { ""S"" : ""2020RPM"" },  ""ENGINE_RUNTIME"" : { ""S"" : ""00:22:01"" },  ""EQUIV_RATIO"" : { ""S"" : ""1.0%"" },  ""FUEL_CONSUMPTION_RATE"" : { ""S"" : ""NODATA"" },  ""FUEL_LEVEL"" : { ""S"" : ""NODATA"" },  ""FUEL_PRESSURE"" : { ""S"" : ""NODATA"" },  ""FUEL_RAIL_PRESSURE"" : { ""S"" : ""NODATA"" },  ""FUEL_TYPE"" : { ""S"" : ""NODATA"" },  ""INTAKE_MANIFOLD_PRESSURE"" : { ""S"" : ""NODATA"" },  ""Long Term Fuel Trim Bank 1"" : { ""S"" : ""1.6%"" },  ""Long Term Fuel Trim Bank 2"" : { ""S"" : ""NODATA"" },  ""MAF"" : { ""S"" : ""17.81g/s"" },  ""Short Term Fuel Trim Bank 1"" : { ""S"" : ""-3.1%"" },  ""Short Term Fuel Trim Bank 2"" : { ""S"" : ""NODATA"" },  ""SPEED"" : { ""S"" : ""56km/h"" },  ""THROTTLE_POS"" : { ""S"" : ""32.5%"" },  ""TIMING_ADVANCE"" : { ""S"" : ""61.2%"" },  ""VIN"" : { ""S"" : ""@ Ă¿Ă¿Ă¿Ă¿Ă¿Ă¿Ă¿Ă¿Ă¿Ă¿Ă¿Ă¿Ă¿Ă¿Ă¿Ă¿"" },  ""WIDEBAND_AIR_FUEL_RATIO"" : { ""S"" : ""NODATA"" }}",Adil ,,,,,,33.99556217,71.45845735,7/29/2019 17:22
1.56E+12,7/29/2019 17:21,342.6346436,33.98635761,71.45110692,"{  ""AIR_FUEL_RATIO"" : { ""S"" : ""14.71:1 AFR"" },  ""AIR_INTAKE_TEMP"" : { ""S"" : ""49C"" },  ""AMBIENT_AIR_TEMP"" : { ""S"" : ""NODATA"" },  ""BAROMETRIC_PRESSURE"" : { ""S"" : ""91kPa"" },  ""CONTROL_MODULE_VOLTAGE"" : { ""S"" : ""13.0V"" },  ""DISTANCE_TRAVELED_MIL_ON"" : { ""S"" : ""0km"" },  ""DTC_NUMBER"" : { ""S"" : ""MIL is OFF0 codes"" },  ""ENGINE_COOLANT_TEMP"" : { ""S"" : ""86C"" },  ""ENGINE_LOAD"" : { ""S"" : ""71.0%"" },  ""ENGINE_OIL_TEMP"" : { ""S"" : ""NODATA"" },  ""ENGINE_RPM"" : { ""S"" : ""1820RPM"" },  ""ENGINE_RUNTIME"" : { ""S"" : ""00:20:40"" },  ""EQUIV_RATIO"" : { ""S"" : ""1.0%"" },  ""FUEL_CONSUMPTION_RATE"" : { ""S"" : ""NODATA"" },  ""FUEL_LEVEL"" : { ""S"" : ""NODATA"" },  ""FUEL_PRESSURE"" : { ""S"" : ""NODATA"" },  ""FUEL_RAIL_PRESSURE"" : { ""S"" : ""NODATA"" },  ""FUEL_TYPE"" : { ""S"" : ""NODATA"" },  ""INTAKE_MANIFOLD_PRESSURE"" : { ""S"" : ""NODATA"" },  ""Long Term Fuel Trim Bank 1"" : { ""S"" : ""0.0%"" },  ""Long Term Fuel Trim Bank 2"" : { ""S"" : ""NODATA"" },  ""MAF"" : { ""S"" : ""10.01g/s"" },  ""Short Term Fuel Trim Bank 1"" : { ""S"" : ""5.5%"" },  ""Short Term Fuel Trim Bank 2"" : { ""S"" : ""NODATA"" },  ""SPEED"" : { ""S"" : ""63km/h"" },  ""THROTTLE_POS"" : { ""S"" : ""24.7%"" },  ""TIMING_ADVANCE"" : { ""S"" : ""65.9%"" },  ""VIN"" : { ""S"" : ""@ Ă¿Ă¿Ă¿Ă¿Ă¿Ă¿Ă¿Ă¿Ă¿Ă¿Ă¿Ă¿Ă¿Ă¿Ă¿Ă¿"" },  ""WIDEBAND_AIR_FUEL_RATIO"" : { ""S"" : ""NODATA"" }}",Adil ,,,,,,33.98635761,71.45110692,7/29/2019 17:21
1.56E+12,7/29/2019 17:20,344.9539795,33.98544219,71.45007321,"{  ""AIR_FUEL_RATIO"" : { ""S"" : ""14.71:1 AFR"" },  ""AIR_INTAKE_TEMP"" : { ""S"" : ""50C"" },  ""AMBIENT_AIR_TEMP"" : { ""S"" : ""NODATA"" },  ""BAROMETRIC_PRESSURE"" : { ""S"" : ""91kPa"" },  ""CONTROL_MODULE_VOLTAGE"" : { ""S"" : ""13.0V"" },  ""DISTANCE_TRAVELED_MIL_ON"" : { ""S"" : ""0km"" },  ""DTC_NUMBER"" : { ""S"" : ""MIL is OFF0 codes"" },  ""ENGINE_COOLANT_TEMP"" : { ""S"" : ""85C"" },  ""ENGINE_LOAD"" : { ""S"" : ""78.8%"" },  ""ENGINE_OIL_TEMP"" : { ""S"" : ""NODATA"" },  ""ENGINE_RPM"" : { ""S"" : ""1856RPM"" },  ""ENGINE_RUNTIME"" : { ""S"" : ""00:20:32"" },  ""EQUIV_RATIO"" : { ""S"" : ""1.0%"" },  ""FUEL_CONSUMPTION_RATE"" : { ""S"" : ""NODATA"" },  ""FUEL_LEVEL"" : { ""S"" : ""NODATA"" },  ""FUEL_PRESSURE"" : { ""S"" : ""NODATA"" },  ""FUEL_RAIL_PRESSURE"" : { ""S"" : ""NODATA"" },  ""FUEL_TYPE"" : { ""S"" : ""NODATA"" },  ""INTAKE_MANIFOLD_PRESSURE"" : { ""S"" : ""NODATA"" },  ""Long Term Fuel Trim Bank 1"" : { ""S"" : ""0.0%"" },  ""Long Term Fuel Trim Bank 2"" : { ""S"" : ""NODATA"" },  ""MAF"" : { ""S"" : ""11.89g/s"" },  ""Short Term Fuel Trim Bank 1"" : { ""S"" : ""1.6%"" },  ""Short Term Fuel Trim Bank 2"" : { ""S"" : ""NODATA"" },  ""SPEED"" : { ""S"" : ""58km/h"" },  ""THROTTLE_POS"" : { ""S"" : ""25.5%"" },  ""TIMING_ADVANCE"" : { ""S"" : ""63.5%"" },  ""VIN"" : { ""S"" : ""@ Ă¿Ă¿Ă¿Ă¿Ă¿Ă¿Ă¿Ă¿Ă¿Ă¿Ă¿Ă¿Ă¿Ă¿Ă¿Ă¿"" },  ""WIDEBAND_AIR_FUEL_RATIO"" : { ""S"" : ""NODATA"" }}",Adil ,,,,,,33.98544219,71.45007321,7/29/2019 17:20
1.56E+12,7/29/2019 17:20,345.1690674,33.9848326,71.4490972,"{  ""AIR_FUEL_RATIO"" : { ""S"" : ""14.71:1 AFR"" },  ""AIR_INTAKE_TEMP"" : { ""S"" : ""51C"" },  ""AMBIENT_AIR_TEMP"" : { ""S"" : ""NODATA"" },  ""BAROMETRIC_PRESSURE"" : { ""S"" : ""91kPa"" },  ""CONTROL_MODULE_VOLTAGE"" : { ""S"" : ""13.0V"" },  ""DISTANCE_TRAVELED_MIL_ON"" : { ""S"" : ""0km"" },  ""DTC_NUMBER"" : { ""S"" : ""MIL is OFF0 codes"" },  ""ENGINE_COOLANT_TEMP"" : { ""S"" : ""85C"" },  ""ENGINE_LOAD"" : { ""S"" : ""44.3%"" },  ""ENGINE_OIL_TEMP"" : { ""S"" : ""NODATA"" },  ""ENGINE_RPM"" : { ""S"" : ""1288RPM"" },  ""ENGINE_RUNTIME"" : { ""S"" : ""00:20:25"" },  ""EQUIV_RATIO"" : { ""S"" : ""1.0%"" },  ""FUEL_CONSUMPTION_RATE"" : { ""S"" : ""NODATA"" },  ""FUEL_LEVEL"" : { ""S"" : ""NODATA"" },  ""FUEL_PRESSURE"" : { ""S"" : ""NODATA"" },  ""FUEL_RAIL_PRESSURE"" : { ""S"" : ""NODATA"" },  ""FUEL_TYPE"" : { ""S"" : ""NODATA"" },  ""INTAKE_MANIFOLD_PRESSURE"" : { ""S"" : ""NODATA"" },  ""Long Term Fuel Trim Bank 1"" : { ""S"" : ""-3.1%"" },  ""Long Term Fuel Trim Bank 2"" : { ""S"" : ""NODATA"" },  ""MAF"" : { ""S"" : ""3.60g/s"" },  ""Short Term Fuel Trim Bank 1"" : { ""S"" : ""0.8%"" },  ""Short Term Fuel Trim Bank 2"" : { ""S"" : ""NODATA"" },  ""SPEED"" : { ""S"" : ""53km/h"" },  ""THROTTLE_POS"" : { ""S"" : ""19.2%"" },  ""TIMING_ADVANCE"" : { ""S"" : ""55.7%"" },  ""VIN"" : { ""S"" : ""@ Ă¿Ă¿Ă¿Ă¿Ă¿Ă¿Ă¿Ă¿Ă¿Ă¿Ă¿Ă¿Ă¿Ă¿Ă¿Ă¿"" },  ""WIDEBAND_AIR_FUEL_RATIO"" : { ""S"" : ""NODATA"" }}",Adil ,,,,,,33.9848326,71.4490972,7/29/2019 17:20
1.56E+12,7/29/2019 17:20,343.8005371,33.98415841,71.44807322,"{  ""AIR_FUEL_RATIO"" : { ""S"" : ""14.71:1 AFR"" },  ""AIR_INTAKE_TEMP"" : { ""S"" : ""51C"" },  ""AMBIENT_AIR_TEMP"" : { ""S"" : ""NODATA"" },  ""BAROMETRIC_PRESSURE"" : { ""S"" : ""91kPa"" },  ""CONTROL_MODULE_VOLTAGE"" : { ""S"" : ""13.0V"" },  ""DISTANCE_TRAVELED_MIL_ON"" : { ""S"" : ""0km"" },  ""DTC_NUMBER"" : { ""S"" : ""MIL is OFF0 codes"" },  ""ENGINE_COOLANT_TEMP"" : { ""S"" : ""85C"" },  ""ENGINE_LOAD"" : { ""S"" : ""56.9%"" },  ""ENGINE_OIL_TEMP"" : { ""S"" : ""NODATA"" },  ""ENGINE_RPM"" : { ""S"" : ""1453RPM"" },  ""ENGINE_RUNTIME"" : { ""S"" : ""00:20:17"" },  ""EQUIV_RATIO"" : { ""S"" : ""1.0%"" },  ""FUEL_CONSUMPTION_RATE"" : { ""S"" : ""NODATA"" },  ""FUEL_LEVEL"" : { ""S"" : ""NODATA"" },  ""FUEL_PRESSURE"" : { ""S"" : ""NODATA"" },  ""FUEL_RAIL_PRESSURE"" : { ""S"" : ""NODATA"" },  ""FUEL_TYPE"" : { ""S"" : ""NODATA"" },  ""INTAKE_MANIFOLD_PRESSURE"" : { ""S"" : ""NODATA"" },  ""Long Term Fuel Trim Bank 1"" : { ""S"" : ""-3.1%"" },  ""Long Term Fuel Trim Bank 2"" : { ""S"" : ""NODATA"" },  ""MAF"" : { ""S"" : ""5.39g/s"" },  ""Short Term Fuel Trim Bank 1"" : { ""S"" : ""-3.1%"" },  ""Short Term Fuel Trim Bank 2"" : { ""S"" : ""NODATA"" },  ""SPEED"" : { ""S"" : ""52km/h"" },  ""THROTTLE_POS"" : { ""S"" : ""19.6%"" },  ""TIMING_ADVANCE"" : { ""S"" : ""67.8%"" },  ""VIN"" : { ""S"" : ""@ Ă¿Ă¿Ă¿Ă¿Ă¿Ă¿Ă¿Ă¿Ă¿Ă¿Ă¿Ă¿Ă¿Ă¿Ă¿Ă¿"" },  ""WIDEBAND_AIR_FUEL_RATIO"" : { ""S"" : ""NODATA"" }}",Adil ,,,,,,33.98415841,71.44807322,7/29/2019 17:20
1.56E+12,7/29/2019 17:20,358.1140137,33.98019248,71.44548839,"{  ""AIR_FUEL_RATIO"" : { ""S"" : ""14.71:1 AFR"" },  ""AIR_INTAKE_TEMP"" : { ""S"" : ""53C"" },  ""AMBIENT_AIR_TEMP"" : { ""S"" : ""NODATA"" },  ""BAROMETRIC_PRESSURE"" : { ""S"" : ""91kPa"" },  ""CONTROL_MODULE_VOLTAGE"" : { ""S"" : ""13.0V"" },  ""DISTANCE_TRAVELED_MIL_ON"" : { ""S"" : ""0km"" },  ""DTC_NUMBER"" : { ""S"" : ""MIL is OFF0 codes"" },  ""ENGINE_COOLANT_TEMP"" : { ""S"" : ""86C"" },  ""ENGINE_LOAD"" : { ""S"" : ""49.0%"" },  ""ENGINE_OIL_TEMP"" : { ""S"" : ""NODATA"" },  ""ENGINE_RPM"" : { ""S"" : ""1578RPM"" },  ""ENGINE_RUNTIME"" : { ""S"" : ""00:19:48"" },  ""EQUIV_RATIO"" : { ""S"" : ""1.0%"" },  ""FUEL_CONSUMPTION_RATE"" : { ""S"" : ""NODATA"" },  ""FUEL_LEVEL"" : { ""S"" : ""NODATA"" },  ""FUEL_PRESSURE"" : { ""S"" : ""NODATA"" },  ""FUEL_RAIL_PRESSURE"" : { ""S"" : ""NODATA"" },  ""FUEL_TYPE"" : { ""S"" : ""NODATA"" },  ""INTAKE_MANIFOLD_PRESSURE"" : { ""S"" : ""NODATA"" },  ""Long Term Fuel Trim Bank 1"" : { ""S"" : ""-3.1%"" },  ""Long Term Fuel Trim Bank 2"" : { ""S"" : ""NODATA"" },  ""MAF"" : { ""S"" : ""6.50g/s"" },  ""Short Term Fuel Trim Bank 1"" : { ""S"" : ""4.7%"" },  ""Short Term Fuel Trim Bank 2"" : { ""S"" : ""NODATA"" },  ""SPEED"" : { ""S"" : ""42km/h"" },  ""THROTTLE_POS"" : { ""S"" : ""19.2%"" },  ""TIMING_ADVANCE"" : { ""S"" : ""71.4%"" },  ""VIN"" : { ""S"" : ""@ Ă¿Ă¿Ă¿Ă¿Ă¿Ă¿Ă¿Ă¿Ă¿Ă¿Ă¿Ă¿Ă¿Ă¿Ă¿Ă¿"" },  ""WIDEBAND_AIR_FUEL_RATIO"" : { ""S"" : ""NODATA"" }}",Adil ,,,,,,33.98019248,71.44548839,7/29/2019 17:20
1.56E+12,7/29/2019 17:19,351.5288086,33.97788513,71.4461235,"{  ""AIR_FUEL_RATIO"" : { ""S"" : ""14.71:1 AFR"" },  ""AIR_INTAKE_TEMP"" : { ""S"" : ""54C"" },  ""AMBIENT_AIR_TEMP"" : { ""S"" : ""NODATA"" },  ""BAROMETRIC_PRESSURE"" : { ""S"" : ""91kPa"" },  ""CONTROL_MODULE_VOLTAGE"" : { ""S"" : ""13.0V"" },  ""DISTANCE_TRAVELED_MIL_ON"" : { ""S"" : ""0km"" },  ""DTC_NUMBER"" : { ""S"" : ""MIL is OFF0 codes"" },  ""ENGINE_COOLANT_TEMP"" : { ""S"" : ""85C"" },  ""ENGINE_LOAD"" : { ""S"" : ""53.3%"" },  ""ENGINE_OIL_TEMP"" : { ""S"" : ""NODATA"" },  ""ENGINE_RPM"" : { ""S"" : ""957RPM"" },  ""ENGINE_RUNTIME"" : { ""S"" : ""00:19:08"" },  ""EQUIV_RATIO"" : { ""S"" : ""1.0%"" },  ""FUEL_CONSUMPTION_RATE"" : { ""S"" : ""NODATA"" },  ""FUEL_LEVEL"" : { ""S"" : ""NODATA"" },  ""FUEL_PRESSURE"" : { ""S"" : ""NODATA"" },  ""FUEL_RAIL_PRESSURE"" : { ""S"" : ""NODATA"" },  ""FUEL_TYPE"" : { ""S"" : ""NODATA"" },  ""INTAKE_MANIFOLD_PRESSURE"" : { ""S"" : ""NODATA"" },  ""Long Term Fuel Trim Bank 1"" : { ""S"" : ""-3.1%"" },  ""Long Term Fuel Trim Bank 2"" : { ""S"" : ""NODATA"" },  ""MAF"" : { ""S"" : ""3.53g/s"" },  ""Short Term Fuel Trim Bank 1"" : { ""S"" : ""4.7%"" },  ""Short Term Fuel Trim Bank 2"" : { ""S"" : ""NODATA"" },  ""SPEED"" : { ""S"" : ""17km/h"" },  ""THROTTLE_POS"" : { ""S"" : ""18.8%"" },  ""TIMING_ADVANCE"" : { ""S"" : ""62.7%"" },  ""VIN"" : { ""S"" : ""@ Ă¿Ă¿Ă¿Ă¿Ă¿Ă¿Ă¿Ă¿Ă¿Ă¿Ă¿Ă¿Ă¿Ă¿Ă¿Ă¿"" },  ""WIDEBAND_AIR_FUEL_RATIO"" : { ""S"" : ""NODATA"" }}",Adil ,,,,,,33.97788513,71.4461235,7/29/2019 17:19
1.56E+12,7/29/2019 17:18,352.2504883,33.97881026,71.44580588,"{  ""AIR_FUEL_RATIO"" : { ""S"" : ""14.71:1 AFR"" },  ""AIR_INTAKE_TEMP"" : { ""S"" : ""51C"" },  ""AMBIENT_AIR_TEMP"" : { ""S"" : ""NODATA"" },  ""BAROMETRIC_PRESSURE"" : { ""S"" : ""91kPa"" },  ""CONTROL_MODULE_VOLTAGE"" : { ""S"" : ""13.0V"" },  ""DISTANCE_TRAVELED_MIL_ON"" : { ""S"" : ""0km"" },  ""DTC_NUMBER"" : { ""S"" : ""MIL is OFF0 codes"" },  ""ENGINE_COOLANT_TEMP"" : { ""S"" : ""84C"" },  ""ENGINE_LOAD"" : { ""S"" : ""82.0%"" },  ""ENGINE_OIL_TEMP"" : { ""S"" : ""NODATA"" },  ""ENGINE_RPM"" : { ""S"" : ""2421RPM"" },  ""ENGINE_RUNTIME"" : { ""S"" : ""00:18:19"" },  ""EQUIV_RATIO"" : { ""S"" : ""1.0%"" },  ""FUEL_CONSUMPTION_RATE"" : { ""S"" : ""NODATA"" },  ""FUEL_LEVEL"" : { ""S"" : ""NODATA"" },  ""FUEL_PRESSURE"" : { ""S"" : ""NODATA"" },  ""FUEL_RAIL_PRESSURE"" : { ""S"" : ""NODATA"" },  ""FUEL_TYPE"" : { ""S"" : ""NODATA"" },  ""INTAKE_MANIFOLD_PRESSURE"" : { ""S"" : ""NODATA"" },  ""Long Term Fuel Trim Bank 1"" : { ""S"" : ""1.6%"" },  ""Long Term Fuel Trim Bank 2"" : { ""S"" : ""NODATA"" },  ""MAF"" : { ""S"" : ""19.03g/s"" },  ""Short Term Fuel Trim Bank 1"" : { ""S"" : ""-5.5%"" },  ""Short Term Fuel Trim Bank 2"" : { ""S"" : ""NODATA"" },  ""SPEED"" : { ""S"" : ""32km/h"" },  ""THROTTLE_POS"" : { ""S"" : ""30.2%"" },  ""TIMING_ADVANCE"" : { ""S"" : ""61.2%"" },  ""VIN"" : { ""S"" : ""@ Ă¿Ă¿Ă¿Ă¿Ă¿Ă¿Ă¿Ă¿Ă¿Ă¿Ă¿Ă¿Ă¿Ă¿Ă¿Ă¿"" },  ""WIDEBAND_AIR_FUEL_RATIO"" : { ""S"" : ""NODATA"" }}",Adil ,,,,,,33.97881026,71.44580588,7/29/2019 17:18
1.56E+12,7/29/2019 17:18,342.7481689,33.97985014,71.44534774,"{  ""AIR_FUEL_RATIO"" : { ""S"" : ""14.71:1 AFR"" },  ""AIR_INTAKE_TEMP"" : { ""S"" : ""49C"" },  ""AMBIENT_AIR_TEMP"" : { ""S"" : ""NODATA"" },  ""BAROMETRIC_PRESSURE"" : { ""S"" : ""91kPa"" },  ""CONTROL_MODULE_VOLTAGE"" : { ""S"" : ""13.0V"" },  ""DISTANCE_TRAVELED_MIL_ON"" : { ""S"" : ""0km"" },  ""DTC_NUMBER"" : { ""S"" : ""MIL is OFF0 codes"" },  ""ENGINE_COOLANT_TEMP"" : { ""S"" : ""85C"" },  ""ENGINE_LOAD"" : { ""S"" : ""92.5%"" },  ""ENGINE_OIL_TEMP"" : { ""S"" : ""NODATA"" },  ""ENGINE_RPM"" : { ""S"" : ""1882RPM"" },  ""ENGINE_RUNTIME"" : { ""S"" : ""00:17:59"" },  ""EQUIV_RATIO"" : { ""S"" : ""1.0%"" },  ""FUEL_CONSUMPTION_RATE"" : { ""S"" : ""NODATA"" },  ""FUEL_LEVEL"" : { ""S"" : ""NODATA"" },  ""FUEL_PRESSURE"" : { ""S"" : ""NODATA"" },  ""FUEL_RAIL_PRESSURE"" : { ""S"" : ""NODATA"" },  ""FUEL_TYPE"" : { ""S"" : ""NODATA"" },  ""INTAKE_MANIFOLD_PRESSURE"" : { ""S"" : ""NODATA"" },  ""Long Term Fuel Trim Bank 1"" : { ""S"" : ""1.6%"" },  ""Long Term Fuel Trim Bank 2"" : { ""S"" : ""NODATA"" },  ""MAF"" : { ""S"" : ""15.46g/s"" },  ""Short Term Fuel Trim Bank 1"" : { ""S"" : ""-4.7%"" },  ""Short Term Fuel Trim Bank 2"" : { ""S"" : ""NODATA"" },  ""SPEED"" : { ""S"" : ""46km/h"" },  ""THROTTLE_POS"" : { ""S"" : ""30.6%"" },  ""TIMING_ADVANCE"" : { ""S"" : ""56.5%"" },  ""VIN"" : { ""S"" : ""@ Ă¿Ă¿Ă¿Ă¿Ă¿Ă¿Ă¿Ă¿Ă¿Ă¿Ă¿Ă¿Ă¿Ă¿Ă¿Ă¿"" },  ""WIDEBAND_AIR_FUEL_RATIO"" : { ""S"" : ""NODATA"" }}",Adil ,,,,,,33.97985014,71.44534774,7/29/2019 17:18
1.56E+12,7/29/2019 17:18,348.8284912,33.98462066,71.44934879,"{  ""AIR_FUEL_RATIO"" : { ""S"" : ""14.71:1 AFR"" },  ""AIR_INTAKE_TEMP"" : { ""S"" : ""50C"" },  ""AMBIENT_AIR_TEMP"" : { ""S"" : ""NODATA"" },  ""BAROMETRIC_PRESSURE"" : { ""S"" : ""91kPa"" },  ""CONTROL_MODULE_VOLTAGE"" : { ""S"" : ""13.0V"" },  ""DISTANCE_TRAVELED_MIL_ON"" : { ""S"" : ""0km"" },  ""DTC_NUMBER"" : { ""S"" : ""MIL is OFF0 codes"" },  ""ENGINE_COOLANT_TEMP"" : { ""S"" : ""86C"" },  ""ENGINE_LOAD"" : { ""S"" : ""85.1%"" },  ""ENGINE_OIL_TEMP"" : { ""S"" : ""NODATA"" },  ""ENGINE_RPM"" : { ""S"" : ""1896RPM"" },  ""ENGINE_RUNTIME"" : { ""S"" : ""00:17:34"" },  ""EQUIV_RATIO"" : { ""S"" : ""1.0%"" },  ""FUEL_CONSUMPTION_RATE"" : { ""S"" : ""NODATA"" },  ""FUEL_LEVEL"" : { ""S"" : ""NODATA"" },  ""FUEL_PRESSURE"" : { ""S"" : ""NODATA"" },  ""FUEL_RAIL_PRESSURE"" : { ""S"" : ""NODATA"" },  ""FUEL_TYPE"" : { ""S"" : ""NODATA"" },  ""INTAKE_MANIFOLD_PRESSURE"" : { ""S"" : ""NODATA"" },  ""Long Term Fuel Trim Bank 1"" : { ""S"" : ""-0.8%"" },  ""Long Term Fuel Trim Bank 2"" : { ""S"" : ""NODATA"" },  ""MAF"" : { ""S"" : ""12.06g/s"" },  ""Short Term Fuel Trim Bank 1"" : { ""S"" : ""-3.9%"" },  ""Short Term Fuel Trim Bank 2"" : { ""S"" : ""NODATA"" },  ""SPEED"" : { ""S"" : ""51km/h"" },  ""THROTTLE_POS"" : { ""S"" : ""25.1%"" },  ""TIMING_ADVANCE"" : { ""S"" : ""60.8%"" },  ""VIN"" : { ""S"" : ""@ Ă¿Ă¿Ă¿Ă¿Ă¿Ă¿Ă¿Ă¿Ă¿Ă¿Ă¿Ă¿Ă¿Ă¿Ă¿Ă¿"" },  ""WIDEBAND_AIR_FUEL_RATIO"" : { ""S"" : ""NODATA"" }}",Adil ,,,,,,33.98462066,71.44934879,7/29/2019 17:18
1.56E+12,7/29/2019 17:17,348.8284912,33.98462066,71.44934879,"{  ""AIR_FUEL_RATIO"" : { ""S"" : ""14.71:1 AFR"" },  ""AIR_INTAKE_TEMP"" : { ""S"" : ""50C"" },  ""AMBIENT_AIR_TEMP"" : { ""S"" : ""NODATA"" },  ""BAROMETRIC_PRESSURE"" : { ""S"" : ""91kPa"" },  ""CONTROL_MODULE_VOLTAGE"" : { ""S"" : ""13.0V"" },  ""DISTANCE_TRAVELED_MIL_ON"" : { ""S"" : ""0km"" },  ""DTC_NUMBER"" : { ""S"" : ""MIL is OFF0 codes"" },  ""ENGINE_COOLANT_TEMP"" : { ""S"" : ""85C"" },  ""ENGINE_LOAD"" : { ""S"" : ""97.3%"" },  ""ENGINE_OIL_TEMP"" : { ""S"" : ""NODATA"" },  ""ENGINE_RPM"" : { ""S"" : ""2034RPM"" },  ""ENGINE_RUNTIME"" : { ""S"" : ""00:17:24"" },  ""EQUIV_RATIO"" : { ""S"" : ""1.0%"" },  ""FUEL_CONSUMPTION_RATE"" : { ""S"" : ""NODATA"" },  ""FUEL_LEVEL"" : { ""S"" : ""NODATA"" },  ""FUEL_PRESSURE"" : { ""S"" : ""NODATA"" },  ""FUEL_RAIL_PRESSURE"" : { ""S"" : ""NODATA"" },  ""FUEL_TYPE"" : { ""S"" : ""NODATA"" },  ""INTAKE_MANIFOLD_PRESSURE"" : { ""S"" : ""NODATA"" },  ""Long Term Fuel Trim Bank 1"" : { ""S"" : ""-3.1%"" },  ""Long Term Fuel Trim Bank 2"" : { ""S"" : ""NODATA"" },  ""MAF"" : { ""S"" : ""14.90g/s"" },  ""Short Term Fuel Trim Bank 1"" : { ""S"" : ""-0.8%"" },  ""Short Term Fuel Trim Bank 2"" : { ""S"" : ""NODATA"" },  ""SPEED"" : { ""S"" : ""50km/h"" },  ""THROTTLE_POS"" : { ""S"" : ""26.3%"" },  ""TIMING_ADVANCE"" : { ""S"" : ""58.4%"" },  ""VIN"" : { ""S"" : ""@ Ă¿Ă¿Ă¿Ă¿Ă¿Ă¿Ă¿Ă¿Ă¿Ă¿Ă¿Ă¿Ă¿Ă¿Ă¿Ă¿"" },  ""WIDEBAND_AIR_FUEL_RATIO"" : { ""S"" : ""NODATA"" }}",Adil ,,,,,,33.98462066,71.44934879,7/29/2019 17:17
1.56E+12,7/29/2019 17:17,348.8284912,33.98462066,71.44934879,"{  ""AIR_FUEL_RATIO"" : { ""S"" : ""14.71:1 AFR"" },  ""AIR_INTAKE_TEMP"" : { ""S"" : ""49C"" },  ""AMBIENT_AIR_TEMP"" : { ""S"" : ""NODATA"" },  ""BAROMETRIC_PRESSURE"" : { ""S"" : ""91kPa"" },  ""CONTROL_MODULE_VOLTAGE"" : { ""S"" : ""13.0V"" },  ""DISTANCE_TRAVELED_MIL_ON"" : { ""S"" : ""0km"" },  ""DTC_NUMBER"" : { ""S"" : ""MIL is OFF0 codes"" },  ""ENGINE_COOLANT_TEMP"" : { ""S"" : ""85C"" },  ""ENGINE_LOAD"" : { ""S"" : ""69.0%"" },  ""ENGINE_OIL_TEMP"" : { ""S"" : ""NODATA"" },  ""ENGINE_RPM"" : { ""S"" : ""1335RPM"" },  ""ENGINE_RUNTIME"" : { ""S"" : ""00:17:14"" },  ""EQUIV_RATIO"" : { ""S"" : ""1.0%"" },  ""FUEL_CONSUMPTION_RATE"" : { ""S"" : ""NODATA"" },  ""FUEL_LEVEL"" : { ""S"" : ""NODATA"" },  ""FUEL_PRESSURE"" : { ""S"" : ""NODATA"" },  ""FUEL_RAIL_PRESSURE"" : { ""S"" : ""NODATA"" },  ""FUEL_TYPE"" : { ""S"" : ""NODATA"" },  ""INTAKE_MANIFOLD_PRESSURE"" : { ""S"" : ""NODATA"" },  ""Long Term Fuel Trim Bank 1"" : { ""S"" : ""0.8%"" },  ""Long Term Fuel Trim Bank 2"" : { ""S"" : ""NODATA"" },  ""MAF"" : { ""S"" : ""3.59g/s"" },  ""Short Term Fuel Trim Bank 1"" : { ""S"" : ""-3.1%"" },  ""Short Term Fuel Trim Bank 2"" : { ""S"" : ""NODATA"" },  ""SPEED"" : { ""S"" : ""48km/h"" },  ""THROTTLE_POS"" : { ""S"" : ""20.4%"" },  ""TIMING_ADVANCE"" : { ""S"" : ""58.4%"" },  ""VIN"" : { ""S"" : ""@ Ă¿Ă¿Ă¿Ă¿Ă¿Ă¿Ă¿Ă¿Ă¿Ă¿Ă¿Ă¿Ă¿Ă¿Ă¿Ă¿"" },  ""WIDEBAND_AIR_FUEL_RATIO"" : { ""S"" : ""NODATA"" }}",Adil ,,,,,,33.98462066,71.44934879,7/29/2019 17:17
1.56E+12,7/29/2019 17:16,333.7578125,33.99225027,71.45689193,"{  ""AIR_FUEL_RATIO"" : { ""S"" : ""14.71:1 AFR"" },  ""AIR_INTAKE_TEMP"" : { ""S"" : ""51C"" },  ""AMBIENT_AIR_TEMP"" : { ""S"" : ""NODATA"" },  ""BAROMETRIC_PRESSURE"" : { ""S"" : ""91kPa"" },  ""CONTROL_MODULE_VOLTAGE"" : { ""S"" : ""13.0V"" },  ""DISTANCE_TRAVELED_MIL_ON"" : { ""S"" : ""0km"" },  ""DTC_NUMBER"" : { ""S"" : ""MIL is OFF0 codes"" },  ""ENGINE_COOLANT_TEMP"" : { ""S"" : ""85C"" },  ""ENGINE_LOAD"" : { ""S"" : ""56.1%"" },  ""ENGINE_OIL_TEMP"" : { ""S"" : ""NODATA"" },  ""ENGINE_RPM"" : { ""S"" : ""1019RPM"" },  ""ENGINE_RUNTIME"" : { ""S"" : ""00:16:04"" },  ""EQUIV_RATIO"" : { ""S"" : ""1.0%"" },  ""FUEL_CONSUMPTION_RATE"" : { ""S"" : ""NODATA"" },  ""FUEL_LEVEL"" : { ""S"" : ""NODATA"" },  ""FUEL_PRESSURE"" : { ""S"" : ""NODATA"" },  ""FUEL_RAIL_PRESSURE"" : { ""S"" : ""NODATA"" },  ""FUEL_TYPE"" : { ""S"" : ""NODATA"" },  ""INTAKE_MANIFOLD_PRESSURE"" : { ""S"" : ""NODATA"" },  ""Long Term Fuel Trim Bank 1"" : { ""S"" : ""-3.1%"" },  ""Long Term Fuel Trim Bank 2"" : { ""S"" : ""NODATA"" },  ""MAF"" : { ""S"" : ""3.50g/s"" },  ""Short Term Fuel Trim Bank 1"" : { ""S"" : ""1.6%"" },  ""Short Term Fuel Trim Bank 2"" : { ""S"" : ""NODATA"" },  ""SPEED"" : { ""S"" : ""21km/h"" },  ""THROTTLE_POS"" : { ""S"" : ""18.8%"" },  ""TIMING_ADVANCE"" : { ""S"" : ""51.8%"" },  ""VIN"" : { ""S"" : ""@ Ă¿Ă¿Ă¿Ă¿Ă¿Ă¿Ă¿Ă¿Ă¿Ă¿Ă¿Ă¿Ă¿Ă¿Ă¿Ă¿"" },  ""WIDEBAND_AIR_FUEL_RATIO"" : { ""S"" : ""NODATA"" }}",Adil ,,,,,,33.99225027,71.45689193,7/29/2019 17:16
1.56E+12,7/29/2019 17:16,332.7631836,33.992411,71.45722113,"{  ""AIR_FUEL_RATIO"" : { ""S"" : ""14.71:1 AFR"" },  ""AIR_INTAKE_TEMP"" : { ""S"" : ""52C"" },  ""AMBIENT_AIR_TEMP"" : { ""S"" : ""NODATA"" },  ""BAROMETRIC_PRESSURE"" : { ""S"" : ""91kPa"" },  ""CONTROL_MODULE_VOLTAGE"" : { ""S"" : ""13.0V"" },  ""DISTANCE_TRAVELED_MIL_ON"" : { ""S"" : ""0km"" },  ""DTC_NUMBER"" : { ""S"" : ""MIL is OFF0 codes"" },  ""ENGINE_COOLANT_TEMP"" : { ""S"" : ""85C"" },  ""ENGINE_LOAD"" : { ""S"" : ""36.1%"" },  ""ENGINE_OIL_TEMP"" : { ""S"" : ""NODATA"" },  ""ENGINE_RPM"" : { ""S"" : ""1571RPM"" },  ""ENGINE_RUNTIME"" : { ""S"" : ""00:15:54"" },  ""EQUIV_RATIO"" : { ""S"" : ""1.0%"" },  ""FUEL_CONSUMPTION_RATE"" : { ""S"" : ""NODATA"" },  ""FUEL_LEVEL"" : { ""S"" : ""NODATA"" },  ""FUEL_PRESSURE"" : { ""S"" : ""NODATA"" },  ""FUEL_RAIL_PRESSURE"" : { ""S"" : ""NODATA"" },  ""FUEL_TYPE"" : { ""S"" : ""NODATA"" },  ""INTAKE_MANIFOLD_PRESSURE"" : { ""S"" : ""NODATA"" },  ""Long Term Fuel Trim Bank 1"" : { ""S"" : ""-3.1%"" },  ""Long Term Fuel Trim Bank 2"" : { ""S"" : ""NODATA"" },  ""MAF"" : { ""S"" : ""3.51g/s"" },  ""Short Term Fuel Trim Bank 1"" : { ""S"" : ""1.6%"" },  ""Short Term Fuel Trim Bank 2"" : { ""S"" : ""NODATA"" },  ""SPEED"" : { ""S"" : ""31km/h"" },  ""THROTTLE_POS"" : { ""S"" : ""18.8%"" },  ""TIMING_ADVANCE"" : { ""S"" : ""63.9%"" },  ""VIN"" : { ""S"" : ""@ Ă¿Ă¿Ă¿Ă¿Ă¿Ă¿Ă¿Ă¿Ă¿Ă¿Ă¿Ă¿Ă¿Ă¿Ă¿Ă¿"" },  ""WIDEBAND_AIR_FUEL_RATIO"" : { ""S"" : ""NODATA"" }}",Adil ,,,,,,33.992411,71.45722113,7/29/2019 17:16
1.56E+12,7/29/2019 17:15,342.0375366,33.99646896,71.46008502,"{  ""AIR_FUEL_RATIO"" : { ""S"" : ""14.71:1 AFR"" },  ""AIR_INTAKE_TEMP"" : { ""S"" : ""52C"" },  ""AMBIENT_AIR_TEMP"" : { ""S"" : ""NODATA"" },  ""BAROMETRIC_PRESSURE"" : { ""S"" : ""91kPa"" },  ""CONTROL_MODULE_VOLTAGE"" : { ""S"" : ""13.0V"" },  ""DISTANCE_TRAVELED_MIL_ON"" : { ""S"" : ""0km"" },  ""DTC_NUMBER"" : { ""S"" : ""MIL is OFF0 codes"" },  ""ENGINE_COOLANT_TEMP"" : { ""S"" : ""86C"" },  ""ENGINE_LOAD"" : { ""S"" : ""98.0%"" },  ""ENGINE_OIL_TEMP"" : { ""S"" : ""NODATA"" },  ""ENGINE_RPM"" : { ""S"" : ""2407RPM"" },  ""ENGINE_RUNTIME"" : { ""S"" : ""00:15:15"" },  ""EQUIV_RATIO"" : { ""S"" : ""1.0%"" },  ""FUEL_CONSUMPTION_RATE"" : { ""S"" : ""NODATA"" },  ""FUEL_LEVEL"" : { ""S"" : ""NODATA"" },  ""FUEL_PRESSURE"" : { ""S"" : ""NODATA"" },  ""FUEL_RAIL_PRESSURE"" : { ""S"" : ""NODATA"" },  ""FUEL_TYPE"" : { ""S"" : ""NODATA"" },  ""INTAKE_MANIFOLD_PRESSURE"" : { ""S"" : ""NODATA"" },  ""Long Term Fuel Trim Bank 1"" : { ""S"" : ""1.6%"" },  ""Long Term Fuel Trim Bank 2"" : { ""S"" : ""NODATA"" },  ""MAF"" : { ""S"" : ""22.42g/s"" },  ""Short Term Fuel Trim Bank 1"" : { ""S"" : ""-0.8%"" },  ""Short Term Fuel Trim Bank 2"" : { ""S"" : ""NODATA"" },  ""SPEED"" : { ""S"" : ""52km/h"" },  ""THROTTLE_POS"" : { ""S"" : ""50.2%"" },  ""TIMING_ADVANCE"" : { ""S"" : ""56.9%"" },  ""VIN"" : { ""S"" : ""@ Ă¿Ă¿Ă¿Ă¿Ă¿Ă¿Ă¿Ă¿Ă¿Ă¿Ă¿Ă¿Ă¿Ă¿Ă¿Ă¿"" },  ""WIDEBAND_AIR_FUEL_RATIO"" : { ""S"" : ""NODATA"" }}",Adil ,,,,,,33.99646896,71.46008502,7/29/2019 17:15
1.56E+12,7/29/2019 17:14,341.3296509,33.99725648,71.46580511,"{  ""AIR_FUEL_RATIO"" : { ""S"" : ""14.71:1 AFR"" },  ""AIR_INTAKE_TEMP"" : { ""S"" : ""55C"" },  ""AMBIENT_AIR_TEMP"" : { ""S"" : ""NODATA"" },  ""BAROMETRIC_PRESSURE"" : { ""S"" : ""91kPa"" },  ""CONTROL_MODULE_VOLTAGE"" : { ""S"" : ""13.0V"" },  ""DISTANCE_TRAVELED_MIL_ON"" : { ""S"" : ""0km"" },  ""DTC_NUMBER"" : { ""S"" : ""MIL is OFF0 codes"" },  ""ENGINE_COOLANT_TEMP"" : { ""S"" : ""85C"" },  ""ENGINE_LOAD"" : { ""S"" : ""60.0%"" },  ""ENGINE_OIL_TEMP"" : { ""S"" : ""NODATA"" },  ""ENGINE_RPM"" : { ""S"" : ""1431RPM"" },  ""ENGINE_RUNTIME"" : { ""S"" : ""00:14:16"" },  ""EQUIV_RATIO"" : { ""S"" : ""1.0%"" },  ""FUEL_CONSUMPTION_RATE"" : { ""S"" : ""NODATA"" },  ""FUEL_LEVEL"" : { ""S"" : ""NODATA"" },  ""FUEL_PRESSURE"" : { ""S"" : ""NODATA"" },  ""FUEL_RAIL_PRESSURE"" : { ""S"" : ""NODATA"" },  ""FUEL_TYPE"" : { ""S"" : ""NODATA"" },  ""INTAKE_MANIFOLD_PRESSURE"" : { ""S"" : ""NODATA"" },  ""Long Term Fuel Trim Bank 1"" : { ""S"" : ""-1.6%"" },  ""Long Term Fuel Trim Bank 2"" : { ""S"" : ""NODATA"" },  ""MAF"" : { ""S"" : ""7.54g/s"" },  ""Short Term Fuel Trim Bank 1"" : { ""S"" : ""-0.8%"" },  ""Short Term Fuel Trim Bank 2"" : { ""S"" : ""NODATA"" },  ""SPEED"" : { ""S"" : ""29km/h"" },  ""THROTTLE_POS"" : { ""S"" : ""23.9%"" },  ""TIMING_ADVANCE"" : { ""S"" : ""67.1%"" },  ""VIN"" : { ""S"" : ""@ Ă¿Ă¿Ă¿Ă¿Ă¿Ă¿Ă¿Ă¿Ă¿Ă¿Ă¿Ă¿Ă¿Ă¿Ă¿Ă¿"" },  ""WIDEBAND_AIR_FUEL_RATIO"" : { ""S"" : ""NODATA"" }}",Adil ,,,,,,33.99725648,71.46580511,7/29/2019 17:14
1.56E+12,7/29/2019 17:12,330.8762207,33.9982339,71.47540926,"{  ""AIR_FUEL_RATIO"" : { ""S"" : ""14.71:1 AFR"" },  ""AIR_INTAKE_TEMP"" : { ""S"" : ""51C"" },  ""AMBIENT_AIR_TEMP"" : { ""S"" : ""NODATA"" },  ""BAROMETRIC_PRESSURE"" : { ""S"" : ""91kPa"" },  ""CONTROL_MODULE_VOLTAGE"" : { ""S"" : ""13.0V"" },  ""DISTANCE_TRAVELED_MIL_ON"" : { ""S"" : ""0km"" },  ""DTC_NUMBER"" : { ""S"" : ""MIL is OFF0 codes"" },  ""ENGINE_COOLANT_TEMP"" : { ""S"" : ""86C"" },  ""ENGINE_LOAD"" : { ""S"" : ""95.3%"" },  ""ENGINE_OIL_TEMP"" : { ""S"" : ""NODATA"" },  ""ENGINE_RPM"" : { ""S"" : ""2039RPM"" },  ""ENGINE_RUNTIME"" : { ""S"" : ""00:12:07"" },  ""EQUIV_RATIO"" : { ""S"" : ""1.0%"" },  ""FUEL_CONSUMPTION_RATE"" : { ""S"" : ""NODATA"" },  ""FUEL_LEVEL"" : { ""S"" : ""NODATA"" },  ""FUEL_PRESSURE"" : { ""S"" : ""NODATA"" },  ""FUEL_RAIL_PRESSURE"" : { ""S"" : ""NODATA"" },  ""FUEL_TYPE"" : { ""S"" : ""NODATA"" },  ""INTAKE_MANIFOLD_PRESSURE"" : { ""S"" : ""NODATA"" },  ""Long Term Fuel Trim Bank 1"" : { ""S"" : ""0.0%"" },  ""Long Term Fuel Trim Bank 2"" : { ""S"" : ""NODATA"" },  ""MAF"" : { ""S"" : ""12.15g/s"" },  ""Short Term Fuel Trim Bank 1"" : { ""S"" : ""0.0%"" },  ""Short Term Fuel Trim Bank 2"" : { ""S"" : ""NODATA"" },  ""SPEED"" : { ""S"" : ""44km/h"" },  ""THROTTLE_POS"" : { ""S"" : ""25.9%"" },  ""TIMING_ADVANCE"" : { ""S"" : ""45.9%"" },  ""VIN"" : { ""S"" : ""@ Ă¿Ă¿Ă¿Ă¿Ă¿Ă¿Ă¿Ă¿Ă¿Ă¿Ă¿Ă¿Ă¿Ă¿Ă¿Ă¿"" },  ""WIDEBAND_AIR_FUEL_RATIO"" : { ""S"" : ""NODATA"" }}",Adil ,,,,,,33.9982339,71.47540926,7/29/2019 17:12
1.56E+12,7/29/2019 17:11,325.2619629,33.99813198,71.48220211,"{  ""AIR_FUEL_RATIO"" : { ""S"" : ""14.71:1 AFR"" },  ""AIR_INTAKE_TEMP"" : { ""S"" : ""48C"" },  ""AMBIENT_AIR_TEMP"" : { ""S"" : ""NODATA"" },  ""BAROMETRIC_PRESSURE"" : { ""S"" : ""91kPa"" },  ""CONTROL_MODULE_VOLTAGE"" : { ""S"" : ""13.0V"" },  ""DISTANCE_TRAVELED_MIL_ON"" : { ""S"" : ""0km"" },  ""DTC_NUMBER"" : { ""S"" : ""MIL is OFF0 codes"" },  ""ENGINE_COOLANT_TEMP"" : { ""S"" : ""84C"" },  ""ENGINE_LOAD"" : { ""S"" : ""100.0%"" },  ""ENGINE_OIL_TEMP"" : { ""S"" : ""NODATA"" },  ""ENGINE_RPM"" : { ""S"" : ""1325RPM"" },  ""ENGINE_RUNTIME"" : { ""S"" : ""00:10:58"" },  ""EQUIV_RATIO"" : { ""S"" : ""1.0%"" },  ""FUEL_CONSUMPTION_RATE"" : { ""S"" : ""NODATA"" },  ""FUEL_LEVEL"" : { ""S"" : ""NODATA"" },  ""FUEL_PRESSURE"" : { ""S"" : ""NODATA"" },  ""FUEL_RAIL_PRESSURE"" : { ""S"" : ""NODATA"" },  ""FUEL_TYPE"" : { ""S"" : ""NODATA"" },  ""INTAKE_MANIFOLD_PRESSURE"" : { ""S"" : ""NODATA"" },  ""Long Term Fuel Trim Bank 1"" : { ""S"" : ""-3.1%"" },  ""Long Term Fuel Trim Bank 2"" : { ""S"" : ""NODATA"" },  ""MAF"" : { ""S"" : ""14.65g/s"" },  ""Short Term Fuel Trim Bank 1"" : { ""S"" : ""3.1%"" },  ""Short Term Fuel Trim Bank 2"" : { ""S"" : ""NODATA"" },  ""SPEED"" : { ""S"" : ""17km/h"" },  ""THROTTLE_POS"" : { ""S"" : ""45.1%"" },  ""TIMING_ADVANCE"" : { ""S"" : ""42.0%"" },  ""VIN"" : { ""S"" : ""@ Ă¿Ă¿Ă¿Ă¿Ă¿Ă¿Ă¿Ă¿Ă¿Ă¿Ă¿Ă¿Ă¿Ă¿Ă¿Ă¿"" },  ""WIDEBAND_AIR_FUEL_RATIO"" : { ""S"" : ""NODATA"" }}",Adil ,,,,,,33.99813198,71.48220211,7/29/2019 17:11
1.56E+12,7/29/2019 17:10,327.4699707,33.99900177,71.48182587,"{  ""AIR_FUEL_RATIO"" : { ""S"" : ""14.71:1 AFR"" },  ""AIR_INTAKE_TEMP"" : { ""S"" : ""47C"" },  ""AMBIENT_AIR_TEMP"" : { ""S"" : ""NODATA"" },  ""BAROMETRIC_PRESSURE"" : { ""S"" : ""91kPa"" },  ""CONTROL_MODULE_VOLTAGE"" : { ""S"" : ""13.0V"" },  ""DISTANCE_TRAVELED_MIL_ON"" : { ""S"" : ""0km"" },  ""DTC_NUMBER"" : { ""S"" : ""MIL is OFF0 codes"" },  ""ENGINE_COOLANT_TEMP"" : { ""S"" : ""85C"" },  ""ENGINE_LOAD"" : { ""S"" : ""51.0%"" },  ""ENGINE_OIL_TEMP"" : { ""S"" : ""NODATA"" },  ""ENGINE_RPM"" : { ""S"" : ""1025RPM"" },  ""ENGINE_RUNTIME"" : { ""S"" : ""00:10:29"" },  ""EQUIV_RATIO"" : { ""S"" : ""1.0%"" },  ""FUEL_CONSUMPTION_RATE"" : { ""S"" : ""NODATA"" },  ""FUEL_LEVEL"" : { ""S"" : ""NODATA"" },  ""FUEL_PRESSURE"" : { ""S"" : ""NODATA"" },  ""FUEL_RAIL_PRESSURE"" : { ""S"" : ""NODATA"" },  ""FUEL_TYPE"" : { ""S"" : ""NODATA"" },  ""INTAKE_MANIFOLD_PRESSURE"" : { ""S"" : ""NODATA"" },  ""Long Term Fuel Trim Bank 1"" : { ""S"" : ""-3.1%"" },  ""Long Term Fuel Trim Bank 2"" : { ""S"" : ""NODATA"" },  ""MAF"" : { ""S"" : ""3.56g/s"" },  ""Short Term Fuel Trim Bank 1"" : { ""S"" : ""0.8%"" },  ""Short Term Fuel Trim Bank 2"" : { ""S"" : ""NODATA"" },  ""SPEED"" : { ""S"" : ""24km/h"" },  ""THROTTLE_POS"" : { ""S"" : ""18.8%"" },  ""TIMING_ADVANCE"" : { ""S"" : ""56.1%"" },  ""VIN"" : { ""S"" : ""@ Ă¿Ă¿Ă¿Ă¿Ă¿Ă¿Ă¿Ă¿Ă¿Ă¿Ă¿Ă¿Ă¿Ă¿Ă¿Ă¿"" },  ""WIDEBAND_AIR_FUEL_RATIO"" : { ""S"" : ""NODATA"" }}",Adil ,,,,,,33.99900177,71.48182587,7/29/2019 17:10
1.56E+12,7/29/2019 17:10,327.621582,33.99922433,71.48182578,"{  ""AIR_FUEL_RATIO"" : { ""S"" : ""14.71:1 AFR"" },  ""AIR_INTAKE_TEMP"" : { ""S"" : ""46C"" },  ""AMBIENT_AIR_TEMP"" : { ""S"" : ""NODATA"" },  ""BAROMETRIC_PRESSURE"" : { ""S"" : ""91kPa"" },  ""CONTROL_MODULE_VOLTAGE"" : { ""S"" : ""13.0V"" },  ""DISTANCE_TRAVELED_MIL_ON"" : { ""S"" : ""0km"" },  ""DTC_NUMBER"" : { ""S"" : ""MIL is OFF0 codes"" },  ""ENGINE_COOLANT_TEMP"" : { ""S"" : ""85C"" },  ""ENGINE_LOAD"" : { ""S"" : ""98.8%"" },  ""ENGINE_OIL_TEMP"" : { ""S"" : ""NODATA"" },  ""ENGINE_RPM"" : { ""S"" : ""2128RPM"" },  ""ENGINE_RUNTIME"" : { ""S"" : ""00:10:19"" },  ""EQUIV_RATIO"" : { ""S"" : ""1.0%"" },  ""FUEL_CONSUMPTION_RATE"" : { ""S"" : ""NODATA"" },  ""FUEL_LEVEL"" : { ""S"" : ""NODATA"" },  ""FUEL_PRESSURE"" : { ""S"" : ""NODATA"" },  ""FUEL_RAIL_PRESSURE"" : { ""S"" : ""NODATA"" },  ""FUEL_TYPE"" : { ""S"" : ""NODATA"" },  ""INTAKE_MANIFOLD_PRESSURE"" : { ""S"" : ""NODATA"" },  ""Long Term Fuel Trim Bank 1"" : { ""S"" : ""1.6%"" },  ""Long Term Fuel Trim Bank 2"" : { ""S"" : ""NODATA"" },  ""MAF"" : { ""S"" : ""20.78g/s"" },  ""Short Term Fuel Trim Bank 1"" : { ""S"" : ""1.6%"" },  ""Short Term Fuel Trim Bank 2"" : { ""S"" : ""NODATA"" },  ""SPEED"" : { ""S"" : ""43km/h"" },  ""THROTTLE_POS"" : { ""S"" : ""42.7%"" },  ""TIMING_ADVANCE"" : { ""S"" : ""55.7%"" },  ""VIN"" : { ""S"" : ""@ Ă¿Ă¿Ă¿Ă¿Ă¿Ă¿Ă¿Ă¿Ă¿Ă¿Ă¿Ă¿Ă¿Ă¿Ă¿Ă¿"" },  ""WIDEBAND_AIR_FUEL_RATIO"" : { ""S"" : ""NODATA"" }}",Adil ,,,,,,33.99922433,71.48182578,7/29/2019 17:10
1.56E+12,7/29/2019 17:09,323.4986572,34.00170092,71.48312306,"{  ""AIR_FUEL_RATIO"" : { ""S"" : ""14.71:1 AFR"" },  ""AIR_INTAKE_TEMP"" : { ""S"" : ""46C"" },  ""AMBIENT_AIR_TEMP"" : { ""S"" : ""NODATA"" },  ""BAROMETRIC_PRESSURE"" : { ""S"" : ""91kPa"" },  ""CONTROL_MODULE_VOLTAGE"" : { ""S"" : ""13.0V"" },  ""DISTANCE_TRAVELED_MIL_ON"" : { ""S"" : ""0km"" },  ""DTC_NUMBER"" : { ""S"" : ""MIL is OFF0 codes"" },  ""ENGINE_COOLANT_TEMP"" : { ""S"" : ""84C"" },  ""ENGINE_LOAD"" : { ""S"" : ""54.1%"" },  ""ENGINE_OIL_TEMP"" : { ""S"" : ""NODATA"" },  ""ENGINE_RPM"" : { ""S"" : ""934RPM"" },  ""ENGINE_RUNTIME"" : { ""S"" : ""00:09:39"" },  ""EQUIV_RATIO"" : { ""S"" : ""1.0%"" },  ""FUEL_CONSUMPTION_RATE"" : { ""S"" : ""NODATA"" },  ""FUEL_LEVEL"" : { ""S"" : ""NODATA"" },  ""FUEL_PRESSURE"" : { ""S"" : ""NODATA"" },  ""FUEL_RAIL_PRESSURE"" : { ""S"" : ""NODATA"" },  ""FUEL_TYPE"" : { ""S"" : ""NODATA"" },  ""INTAKE_MANIFOLD_PRESSURE"" : { ""S"" : ""NODATA"" },  ""Long Term Fuel Trim Bank 1"" : { ""S"" : ""-3.1%"" },  ""Long Term Fuel Trim Bank 2"" : { ""S"" : ""NODATA"" },  ""MAF"" : { ""S"" : ""3.51g/s"" },  ""Short Term Fuel Trim Bank 1"" : { ""S"" : ""-0.8%"" },  ""Short Term Fuel Trim Bank 2"" : { ""S"" : ""NODATA"" },  ""SPEED"" : { ""S"" : ""9km/h"" },  ""THROTTLE_POS"" : { ""S"" : ""19.6%"" },  ""TIMING_ADVANCE"" : { ""S"" : ""62.7%"" },  ""VIN"" : { ""S"" : ""@ Ă¿Ă¿Ă¿Ă¿Ă¿Ă¿Ă¿Ă¿Ă¿Ă¿Ă¿Ă¿Ă¿Ă¿Ă¿Ă¿"" },  ""WIDEBAND_AIR_FUEL_RATIO"" : { ""S"" : ""NODATA"" }}",Adil ,,,,,,34.00170092,71.48312306,7/29/2019 17:09
1.56E+12,7/29/2019 17:09,323.4986572,34.00170092,71.48312306,"{  ""AIR_FUEL_RATIO"" : { ""S"" : ""14.71:1 AFR"" },  ""AIR_INTAKE_TEMP"" : { ""S"" : ""46C"" },  ""AMBIENT_AIR_TEMP"" : { ""S"" : ""NODATA"" },  ""BAROMETRIC_PRESSURE"" : { ""S"" : ""91kPa"" },  ""CONTROL_MODULE_VOLTAGE"" : { ""S"" : ""13.0V"" },  ""DISTANCE_TRAVELED_MIL_ON"" : { ""S"" : ""0km"" },  ""DTC_NUMBER"" : { ""S"" : ""MIL is OFF0 codes"" },  ""ENGINE_COOLANT_TEMP"" : { ""S"" : ""84C"" },  ""ENGINE_LOAD"" : { ""S"" : ""49.4%"" },  ""ENGINE_OIL_TEMP"" : { ""S"" : ""NODATA"" },  ""ENGINE_RPM"" : { ""S"" : ""1049RPM"" },  ""ENGINE_RUNTIME"" : { ""S"" : ""00:09:29"" },  ""EQUIV_RATIO"" : { ""S"" : ""1.0%"" },  ""FUEL_CONSUMPTION_RATE"" : { ""S"" : ""NODATA"" },  ""FUEL_LEVEL"" : { ""S"" : ""NODATA"" },  ""FUEL_PRESSURE"" : { ""S"" : ""NODATA"" },  ""FUEL_RAIL_PRESSURE"" : { ""S"" : ""NODATA"" },  ""FUEL_TYPE"" : { ""S"" : ""NODATA"" },  ""INTAKE_MANIFOLD_PRESSURE"" : { ""S"" : ""NODATA"" },  ""Long Term Fuel Trim Bank 1"" : { ""S"" : ""-3.1%"" },  ""Long Term Fuel Trim Bank 2"" : { ""S"" : ""NODATA"" },  ""MAF"" : { ""S"" : ""3.50g/s"" },  ""Short Term Fuel Trim Bank 1"" : { ""S"" : ""2.3%"" },  ""Short Term Fuel Trim Bank 2"" : { ""S"" : ""NODATA"" },  ""SPEED"" : { ""S"" : ""22km/h"" },  ""THROTTLE_POS"" : { ""S"" : ""18.8%"" },  ""TIMING_ADVANCE"" : { ""S"" : ""59.2%"" },  ""VIN"" : { ""S"" : ""@ Ă¿Ă¿Ă¿Ă¿Ă¿Ă¿Ă¿Ă¿Ă¿Ă¿Ă¿Ă¿Ă¿Ă¿Ă¿Ă¿"" },  ""WIDEBAND_AIR_FUEL_RATIO"" : { ""S"" : ""NODATA"" }}",Adil ,,,,,,34.00170092,71.48312306,7/29/2019 17:09
1.56E+12,7/29/2019 17:09,322.2922363,34.00169849,71.48334891,"{  ""AIR_FUEL_RATIO"" : { ""S"" : ""14.71:1 AFR"" },  ""AIR_INTAKE_TEMP"" : { ""S"" : ""45C"" },  ""AMBIENT_AIR_TEMP"" : { ""S"" : ""NODATA"" },  ""BAROMETRIC_PRESSURE"" : { ""S"" : ""91kPa"" },  ""CONTROL_MODULE_VOLTAGE"" : { ""S"" : ""13.0V"" },  ""DISTANCE_TRAVELED_MIL_ON"" : { ""S"" : ""0km"" },  ""DTC_NUMBER"" : { ""S"" : ""MIL is OFF0 codes"" },  ""ENGINE_COOLANT_TEMP"" : { ""S"" : ""84C"" },  ""ENGINE_LOAD"" : { ""S"" : ""53.3%"" },  ""ENGINE_OIL_TEMP"" : { ""S"" : ""NODATA"" },  ""ENGINE_RPM"" : { ""S"" : ""967RPM"" },  ""ENGINE_RUNTIME"" : { ""S"" : ""00:09:09"" },  ""EQUIV_RATIO"" : { ""S"" : ""1.0%"" },  ""FUEL_CONSUMPTION_RATE"" : { ""S"" : ""NODATA"" },  ""FUEL_LEVEL"" : { ""S"" : ""NODATA"" },  ""FUEL_PRESSURE"" : { ""S"" : ""NODATA"" },  ""FUEL_RAIL_PRESSURE"" : { ""S"" : ""NODATA"" },  ""FUEL_TYPE"" : { ""S"" : ""NODATA"" },  ""INTAKE_MANIFOLD_PRESSURE"" : { ""S"" : ""NODATA"" },  ""Long Term Fuel Trim Bank 1"" : { ""S"" : ""-3.1%"" },  ""Long Term Fuel Trim Bank 2"" : { ""S"" : ""NODATA"" },  ""MAF"" : { ""S"" : ""3.54g/s"" },  ""Short Term Fuel Trim Bank 1"" : { ""S"" : ""-4.7%"" },  ""Short Term Fuel Trim Bank 2"" : { ""S"" : ""NODATA"" },  ""SPEED"" : { ""S"" : ""11km/h"" },  ""THROTTLE_POS"" : { ""S"" : ""18.8%"" },  ""TIMING_ADVANCE"" : { ""S"" : ""63.5%"" },  ""VIN"" : { ""S"" : ""@ Ă¿Ă¿Ă¿Ă¿Ă¿Ă¿Ă¿Ă¿Ă¿Ă¿Ă¿Ă¿Ă¿Ă¿Ă¿Ă¿"" },  ""WIDEBAND_AIR_FUEL_RATIO"" : { ""S"" : ""NODATA"" }}",Adil ,,,,,,34.00169849,71.48334891,7/29/2019 17:09
1.56E+12,7/29/2019 17:09,323.2426147,34.00179587,71.48391736,"{  ""AIR_FUEL_RATIO"" : { ""S"" : ""14.71:1 AFR"" },  ""AIR_INTAKE_TEMP"" : { ""S"" : ""45C"" },  ""AMBIENT_AIR_TEMP"" : { ""S"" : ""NODATA"" },  ""BAROMETRIC_PRESSURE"" : { ""S"" : ""91kPa"" },  ""CONTROL_MODULE_VOLTAGE"" : { ""S"" : ""13.0V"" },  ""DISTANCE_TRAVELED_MIL_ON"" : { ""S"" : ""0km"" },  ""DTC_NUMBER"" : { ""S"" : ""MIL is OFF0 codes"" },  ""ENGINE_COOLANT_TEMP"" : { ""S"" : ""83C"" },  ""ENGINE_LOAD"" : { ""S"" : ""48.6%"" },  ""ENGINE_OIL_TEMP"" : { ""S"" : ""NODATA"" },  ""ENGINE_RPM"" : { ""S"" : ""1025RPM"" },  ""ENGINE_RUNTIME"" : { ""S"" : ""00:08:59"" },  ""EQUIV_RATIO"" : { ""S"" : ""1.0%"" },  ""FUEL_CONSUMPTION_RATE"" : { ""S"" : ""NODATA"" },  ""FUEL_LEVEL"" : { ""S"" : ""NODATA"" },  ""FUEL_PRESSURE"" : { ""S"" : ""NODATA"" },  ""FUEL_RAIL_PRESSURE"" : { ""S"" : ""NODATA"" },  ""FUEL_TYPE"" : { ""S"" : ""NODATA"" },  ""INTAKE_MANIFOLD_PRESSURE"" : { ""S"" : ""NODATA"" },  ""Long Term Fuel Trim Bank 1"" : { ""S"" : ""-3.1%"" },  ""Long Term Fuel Trim Bank 2"" : { ""S"" : ""NODATA"" },  ""MAF"" : { ""S"" : ""5.50g/s"" },  ""Short Term Fuel Trim Bank 1"" : { ""S"" : ""3.9%"" },  ""Short Term Fuel Trim Bank 2"" : { ""S"" : ""NODATA"" },  ""SPEED"" : { ""S"" : ""21km/h"" },  ""THROTTLE_POS"" : { ""S"" : ""22.4%"" },  ""TIMING_ADVANCE"" : { ""S"" : ""59.2%"" },  ""VIN"" : { ""S"" : ""@ Ă¿Ă¿Ă¿Ă¿Ă¿Ă¿Ă¿Ă¿Ă¿Ă¿Ă¿Ă¿Ă¿Ă¿Ă¿Ă¿"" },  ""WIDEBAND_AIR_FUEL_RATIO"" : { ""S"" : ""NODATA"" }}",Adil ,,,,,,34.00179587,71.48391736,7/29/2019 17:09
1.56E+12,7/29/2019 17:08,316.0018311,34.00211662,71.48489286,"{  ""AIR_FUEL_RATIO"" : { ""S"" : ""14.71:1 AFR"" },  ""AIR_INTAKE_TEMP"" : { ""S"" : ""47C"" },  ""AMBIENT_AIR_TEMP"" : { ""S"" : ""NODATA"" },  ""BAROMETRIC_PRESSURE"" : { ""S"" : ""91kPa"" },  ""CONTROL_MODULE_VOLTAGE"" : { ""S"" : ""13.0V"" },  ""DISTANCE_TRAVELED_MIL_ON"" : { ""S"" : ""0km"" },  ""DTC_NUMBER"" : { ""S"" : ""MIL is OFF0 codes"" },  ""ENGINE_COOLANT_TEMP"" : { ""S"" : ""84C"" },  ""ENGINE_LOAD"" : { ""S"" : ""48.2%"" },  ""ENGINE_OIL_TEMP"" : { ""S"" : ""NODATA"" },  ""ENGINE_RPM"" : { ""S"" : ""607RPM"" },  ""ENGINE_RUNTIME"" : { ""S"" : ""00:08:10"" },  ""EQUIV_RATIO"" : { ""S"" : ""1.0%"" },  ""FUEL_CONSUMPTION_RATE"" : { ""S"" : ""NODATA"" },  ""FUEL_LEVEL"" : { ""S"" : ""NODATA"" },  ""FUEL_PRESSURE"" : { ""S"" : ""NODATA"" },  ""FUEL_RAIL_PRESSURE"" : { ""S"" : ""NODATA"" },  ""FUEL_TYPE"" : { ""S"" : ""NODATA"" },  ""INTAKE_MANIFOLD_PRESSURE"" : { ""S"" : ""NODATA"" },  ""Long Term Fuel Trim Bank 1"" : { ""S"" : ""-3.1%"" },  ""Long Term Fuel Trim Bank 2"" : { ""S"" : ""NODATA"" },  ""MAF"" : { ""S"" : ""1.85g/s"" },  ""Short Term Fuel Trim Bank 1"" : { ""S"" : ""-4.7%"" },  ""Short Term Fuel Trim Bank 2"" : { ""S"" : ""NODATA"" },  ""SPEED"" : { ""S"" : ""0km/h"" },  ""THROTTLE_POS"" : { ""S"" : ""17.3%"" },  ""TIMING_ADVANCE"" : { ""S"" : ""53.3%"" },  ""VIN"" : { ""S"" : ""@ Ă¿Ă¿Ă¿Ă¿Ă¿Ă¿Ă¿Ă¿Ă¿Ă¿Ă¿Ă¿Ă¿Ă¿Ă¿Ă¿"" },  ""WIDEBAND_AIR_FUEL_RATIO"" : { ""S"" : ""NODATA"" }}",Adil ,,,,,,34.00211662,71.48489286,7/29/2019 17:08
1.56E+12,7/29/2019 17:08,316.0018311,34.00211662,71.48489286,"{  ""AIR_FUEL_RATIO"" : { ""S"" : ""14.71:1 AFR"" },  ""AIR_INTAKE_TEMP"" : { ""S"" : ""47C"" },  ""AMBIENT_AIR_TEMP"" : { ""S"" : ""NODATA"" },  ""BAROMETRIC_PRESSURE"" : { ""S"" : ""91kPa"" },  ""CONTROL_MODULE_VOLTAGE"" : { ""S"" : ""13.0V"" },  ""DISTANCE_TRAVELED_MIL_ON"" : { ""S"" : ""0km"" },  ""DTC_NUMBER"" : { ""S"" : ""MIL is OFF0 codes"" },  ""ENGINE_COOLANT_TEMP"" : { ""S"" : ""83C"" },  ""ENGINE_LOAD"" : { ""S"" : ""48.2%"" },  ""ENGINE_OIL_TEMP"" : { ""S"" : ""NODATA"" },  ""ENGINE_RPM"" : { ""S"" : ""606RPM"" },  ""ENGINE_RUNTIME"" : { ""S"" : ""00:08:00"" },  ""EQUIV_RATIO"" : { ""S"" : ""1.0%"" },  ""FUEL_CONSUMPTION_RATE"" : { ""S"" : ""NODATA"" },  ""FUEL_LEVEL"" : { ""S"" : ""NODATA"" },  ""FUEL_PRESSURE"" : { ""S"" : ""NODATA"" },  ""FUEL_RAIL_PRESSURE"" : { ""S"" : ""NODATA"" },  ""FUEL_TYPE"" : { ""S"" : ""NODATA"" },  ""INTAKE_MANIFOLD_PRESSURE"" : { ""S"" : ""NODATA"" },  ""Long Term Fuel Trim Bank 1"" : { ""S"" : ""-3.1%"" },  ""Long Term Fuel Trim Bank 2"" : { ""S"" : ""NODATA"" },  ""MAF"" : { ""S"" : ""1.84g/s"" },  ""Short Term Fuel Trim Bank 1"" : { ""S"" : ""-4.7%"" },  ""Short Term Fuel Trim Bank 2"" : { ""S"" : ""NODATA"" },  ""SPEED"" : { ""S"" : ""0km/h"" },  ""THROTTLE_POS"" : { ""S"" : ""17.3%"" },  ""TIMING_ADVANCE"" : { ""S"" : ""53.3%"" },  ""VIN"" : { ""S"" : ""@ Ă¿Ă¿Ă¿Ă¿Ă¿Ă¿Ă¿Ă¿Ă¿Ă¿Ă¿Ă¿Ă¿Ă¿Ă¿Ă¿"" },  ""WIDEBAND_AIR_FUEL_RATIO"" : { ""S"" : ""NODATA"" }}",Adil ,,,,,,34.00211662,71.48489286,7/29/2019 17:08
1.56E+12,7/29/2019 17:07,314.9099121,34.00216163,71.48489592,"{  ""AIR_FUEL_RATIO"" : { ""S"" : ""14.71:1 AFR"" },  ""AIR_INTAKE_TEMP"" : { ""S"" : ""46C"" },  ""AMBIENT_AIR_TEMP"" : { ""S"" : ""NODATA"" },  ""BAROMETRIC_PRESSURE"" : { ""S"" : ""91kPa"" },  ""CONTROL_MODULE_VOLTAGE"" : { ""S"" : ""13.0V"" },  ""DISTANCE_TRAVELED_MIL_ON"" : { ""S"" : ""0km"" },  ""DTC_NUMBER"" : { ""S"" : ""MIL is OFF0 codes"" },  ""ENGINE_COOLANT_TEMP"" : { ""S"" : ""82C"" },  ""ENGINE_LOAD"" : { ""S"" : ""48.6%"" },  ""ENGINE_OIL_TEMP"" : { ""S"" : ""NODATA"" },  ""ENGINE_RPM"" : { ""S"" : ""611RPM"" },  ""ENGINE_RUNTIME"" : { ""S"" : ""00:07:16"" },  ""EQUIV_RATIO"" : { ""S"" : ""1.0%"" },  ""FUEL_CONSUMPTION_RATE"" : { ""S"" : ""NODATA"" },  ""FUEL_LEVEL"" : { ""S"" : ""NODATA"" },  ""FUEL_PRESSURE"" : { ""S"" : ""NODATA"" },  ""FUEL_RAIL_PRESSURE"" : { ""S"" : ""NODATA"" },  ""FUEL_TYPE"" : { ""S"" : ""NODATA"" },  ""INTAKE_MANIFOLD_PRESSURE"" : { ""S"" : ""NODATA"" },  ""Long Term Fuel Trim Bank 1"" : { ""S"" : ""-3.1%"" },  ""Long Term Fuel Trim Bank 2"" : { ""S"" : ""NODATA"" },  ""MAF"" : { ""S"" : ""1.87g/s"" },  ""Short Term Fuel Trim Bank 1"" : { ""S"" : ""-5.5%"" },  ""Short Term Fuel Trim Bank 2"" : { ""S"" : ""NODATA"" },  ""SPEED"" : { ""S"" : ""0km/h"" },  ""THROTTLE_POS"" : { ""S"" : ""17.3%"" },  ""TIMING_ADVANCE"" : { ""S"" : ""53.3%"" },  ""VIN"" : { ""S"" : ""@ Ă¿Ă¿Ă¿Ă¿Ă¿Ă¿Ă¿Ă¿Ă¿Ă¿Ă¿Ă¿Ă¿Ă¿Ă¿Ă¿"" },  ""WIDEBAND_AIR_FUEL_RATIO"" : { ""S"" : ""NODATA"" }}",Adil ,,,,,,34.00216163,71.48489592,7/29/2019 17:07
1.56E+12,7/29/2019 17:06,314.9099121,34.00216163,71.48489592,"{  ""AIR_FUEL_RATIO"" : { ""S"" : ""14.71:1 AFR"" },  ""AIR_INTAKE_TEMP"" : { ""S"" : ""45C"" },  ""AMBIENT_AIR_TEMP"" : { ""S"" : ""NODATA"" },  ""BAROMETRIC_PRESSURE"" : { ""S"" : ""91kPa"" },  ""CONTROL_MODULE_VOLTAGE"" : { ""S"" : ""13.0V"" },  ""DISTANCE_TRAVELED_MIL_ON"" : { ""S"" : ""0km"" },  ""DTC_NUMBER"" : { ""S"" : ""MIL is OFF0 codes"" },  ""ENGINE_COOLANT_TEMP"" : { ""S"" : ""80C"" },  ""ENGINE_LOAD"" : { ""S"" : ""49.4%"" },  ""ENGINE_OIL_TEMP"" : { ""S"" : ""NODATA"" },  ""ENGINE_RPM"" : { ""S"" : ""617RPM"" },  ""ENGINE_RUNTIME"" : { ""S"" : ""00:06:17"" },  ""EQUIV_RATIO"" : { ""S"" : ""1.0%"" },  ""FUEL_CONSUMPTION_RATE"" : { ""S"" : ""NODATA"" },  ""FUEL_LEVEL"" : { ""S"" : ""NODATA"" },  ""FUEL_PRESSURE"" : { ""S"" : ""NODATA"" },  ""FUEL_RAIL_PRESSURE"" : { ""S"" : ""NODATA"" },  ""FUEL_TYPE"" : { ""S"" : ""NODATA"" },  ""INTAKE_MANIFOLD_PRESSURE"" : { ""S"" : ""NODATA"" },  ""Long Term Fuel Trim Bank 1"" : { ""S"" : ""-3.1%"" },  ""Long Term Fuel Trim Bank 2"" : { ""S"" : ""NODATA"" },  ""MAF"" : { ""S"" : ""1.92g/s"" },  ""Short Term Fuel Trim Bank 1"" : { ""S"" : ""0.0%"" },  ""Short Term Fuel Trim Bank 2"" : { ""S"" : ""NODATA"" },  ""SPEED"" : { ""S"" : ""0km/h"" },  ""THROTTLE_POS"" : { ""S"" : ""17.6%"" },  ""TIMING_ADVANCE"" : { ""S"" : ""50.6%"" },  ""VIN"" : { ""S"" : ""@ Ă¿Ă¿Ă¿Ă¿Ă¿Ă¿Ă¿Ă¿Ă¿Ă¿Ă¿Ă¿Ă¿Ă¿Ă¿Ă¿"" },  ""WIDEBAND_AIR_FUEL_RATIO"" : { ""S"" : ""NODATA"" }}",Adil ,,,,,,34.00216163,71.48489592,7/29/2019 17:06
1.56E+12,7/29/2019 17:05,314.9099121,34.00216163,71.48489592,"{  ""AIR_FUEL_RATIO"" : { ""S"" : ""14.71:1 AFR"" },  ""AIR_INTAKE_TEMP"" : { ""S"" : ""44C"" },  ""AMBIENT_AIR_TEMP"" : { ""S"" : ""NODATA"" },  ""BAROMETRIC_PRESSURE"" : { ""S"" : ""91kPa"" },  ""CONTROL_MODULE_VOLTAGE"" : { ""S"" : ""13.0V"" },  ""DISTANCE_TRAVELED_MIL_ON"" : { ""S"" : ""0km"" },  ""DTC_NUMBER"" : { ""S"" : ""MIL is OFF0 codes"" },  ""ENGINE_COOLANT_TEMP"" : { ""S"" : ""76C"" },  ""ENGINE_LOAD"" : { ""S"" : ""51.0%"" },  ""ENGINE_OIL_TEMP"" : { ""S"" : ""NODATA"" },  ""ENGINE_RPM"" : { ""S"" : ""653RPM"" },  ""ENGINE_RUNTIME"" : { ""S"" : ""00:04:58"" },  ""EQUIV_RATIO"" : { ""S"" : ""1.0%"" },  ""FUEL_CONSUMPTION_RATE"" : { ""S"" : ""NODATA"" },  ""FUEL_LEVEL"" : { ""S"" : ""NODATA"" },  ""FUEL_PRESSURE"" : { ""S"" : ""NODATA"" },  ""FUEL_RAIL_PRESSURE"" : { ""S"" : ""NODATA"" },  ""FUEL_TYPE"" : { ""S"" : ""NODATA"" },  ""INTAKE_MANIFOLD_PRESSURE"" : { ""S"" : ""NODATA"" },  ""Long Term Fuel Trim Bank 1"" : { ""S"" : ""-3.1%"" },  ""Long Term Fuel Trim Bank 2"" : { ""S"" : ""NODATA"" },  ""MAF"" : { ""S"" : ""2.17g/s"" },  ""Short Term Fuel Trim Bank 1"" : { ""S"" : ""-1.6%"" },  ""Short Term Fuel Trim Bank 2"" : { ""S"" : ""NODATA"" },  ""SPEED"" : { ""S"" : ""0km/h"" },  ""THROTTLE_POS"" : { ""S"" : ""17.6%"" },  ""TIMING_ADVANCE"" : { ""S"" : ""52.2%"" },  ""VIN"" : { ""S"" : ""@ Ă¿Ă¿Ă¿Ă¿Ă¿Ă¿Ă¿Ă¿Ă¿Ă¿Ă¿Ă¿Ă¿Ă¿Ă¿Ă¿"" },  ""WIDEBAND_AIR_FUEL_RATIO"" : { ""S"" : ""NODATA"" }}",Adil ,,,,,,34.00216163,71.48489592,7/29/2019 17:05
1.56E+12,7/29/2019 17:04,314.9099121,34.00216163,71.48489592,"{  ""AIR_FUEL_RATIO"" : { ""S"" : ""14.71:1 AFR"" },  ""AIR_INTAKE_TEMP"" : { ""S"" : ""44C"" },  ""AMBIENT_AIR_TEMP"" : { ""S"" : ""NODATA"" },  ""BAROMETRIC_PRESSURE"" : { ""S"" : ""91kPa"" },  ""CONTROL_MODULE_VOLTAGE"" : { ""S"" : ""13.0V"" },  ""DISTANCE_TRAVELED_MIL_ON"" : { ""S"" : ""0km"" },  ""DTC_NUMBER"" : { ""S"" : ""MIL is OFF0 codes"" },  ""ENGINE_COOLANT_TEMP"" : { ""S"" : ""75C"" },  ""ENGINE_LOAD"" : { ""S"" : ""51.4%"" },  ""ENGINE_OIL_TEMP"" : { ""S"" : ""NODATA"" },  ""ENGINE_RPM"" : { ""S"" : ""655RPM"" },  ""ENGINE_RUNTIME"" : { ""S"" : ""00:04:48"" },  ""EQUIV_RATIO"" : { ""S"" : ""1.0%"" },  ""FUEL_CONSUMPTION_RATE"" : { ""S"" : ""NODATA"" },  ""FUEL_LEVEL"" : { ""S"" : ""NODATA"" },  ""FUEL_PRESSURE"" : { ""S"" : ""NODATA"" },  ""FUEL_RAIL_PRESSURE"" : { ""S"" : ""NODATA"" },  ""FUEL_TYPE"" : { ""S"" : ""NODATA"" },  ""INTAKE_MANIFOLD_PRESSURE"" : { ""S"" : ""NODATA"" },  ""Long Term Fuel Trim Bank 1"" : { ""S"" : ""-3.1%"" },  ""Long Term Fuel Trim Bank 2"" : { ""S"" : ""NODATA"" },  ""MAF"" : { ""S"" : ""2.17g/s"" },  ""Short Term Fuel Trim Bank 1"" : { ""S"" : ""1.6%"" },  ""Short Term Fuel Trim Bank 2"" : { ""S"" : ""NODATA"" },  ""SPEED"" : { ""S"" : ""0km/h"" },  ""THROTTLE_POS"" : { ""S"" : ""17.6%"" },  ""TIMING_ADVANCE"" : { ""S"" : ""52.2%"" },  ""VIN"" : { ""S"" : ""@ Ă¿Ă¿Ă¿Ă¿Ă¿Ă¿Ă¿Ă¿Ă¿Ă¿Ă¿Ă¿Ă¿Ă¿Ă¿Ă¿"" },  ""WIDEBAND_AIR_FUEL_RATIO"" : { ""S"" : ""NODATA"" }}",Adil ,,,,,,34.00216163,71.48489592,7/29/2019 17:04
1.56E+12,7/29/2019 17:03,325.4364014,34.0029093,71.48484879,"{  ""AIR_FUEL_RATIO"" : { ""S"" : ""14.71:1 AFR"" },  ""AIR_INTAKE_TEMP"" : { ""S"" : ""43C"" },  ""AMBIENT_AIR_TEMP"" : { ""S"" : ""NODATA"" },  ""BAROMETRIC_PRESSURE"" : { ""S"" : ""91kPa"" },  ""CONTROL_MODULE_VOLTAGE"" : { ""S"" : ""13.0V"" },  ""DISTANCE_TRAVELED_MIL_ON"" : { ""S"" : ""0km"" },  ""DTC_NUMBER"" : { ""S"" : ""MIL is OFF0 codes"" },  ""ENGINE_COOLANT_TEMP"" : { ""S"" : ""65C"" },  ""ENGINE_LOAD"" : { ""S"" : ""43.9%"" },  ""ENGINE_OIL_TEMP"" : { ""S"" : ""NODATA"" },  ""ENGINE_RPM"" : { ""S"" : ""748RPM"" },  ""ENGINE_RUNTIME"" : { ""S"" : ""00:03:01"" },  ""EQUIV_RATIO"" : { ""S"" : ""1.0%"" },  ""FUEL_CONSUMPTION_RATE"" : { ""S"" : ""NODATA"" },  ""FUEL_LEVEL"" : { ""S"" : ""NODATA"" },  ""FUEL_PRESSURE"" : { ""S"" : ""NODATA"" },  ""FUEL_RAIL_PRESSURE"" : { ""S"" : ""NODATA"" },  ""FUEL_TYPE"" : { ""S"" : ""NODATA"" },  ""INTAKE_MANIFOLD_PRESSURE"" : { ""S"" : ""NODATA"" },  ""Long Term Fuel Trim Bank 1"" : { ""S"" : ""-3.9%"" },  ""Long Term Fuel Trim Bank 2"" : { ""S"" : ""NODATA"" },  ""MAF"" : { ""S"" : ""1.95g/s"" },  ""Short Term Fuel Trim Bank 1"" : { ""S"" : ""0.8%"" },  ""Short Term Fuel Trim Bank 2"" : { ""S"" : ""NODATA"" },  ""SPEED"" : { ""S"" : ""0km/h"" },  ""THROTTLE_POS"" : { ""S"" : ""17.6%"" },  ""TIMING_ADVANCE"" : { ""S"" : ""57.6%"" },  ""VIN"" : { ""S"" : ""@ Ă¿Ă¿Ă¿Ă¿Ă¿Ă¿Ă¿Ă¿Ă¿Ă¿Ă¿Ă¿Ă¿Ă¿Ă¿Ă¿"" },  ""WIDEBAND_AIR_FUEL_RATIO"" : { ""S"" : ""NODATA"" }}",Adil ,,,,,,34.0029093,71.48484879,7/29/2019 17:03
1.56E+12,7/29/2019 17:02,327.3000183,34.0029274,71.48494,"{  ""Echo Off"" : { ""S"" : ""ATE0OK"" },  ""Line Feed Off"" : { ""S"" : ""OK"" },  ""Reset OBD"" : { ""S"" : ""ATZ"" },  ""Select Protocol AUTO"" : { ""S"" : ""OK"" },  ""Timeout"" : { ""S"" : ""OK"" }}",Adil ,,,,,,34.0029274,71.48494,7/29/2019 17:02
